19,-3,fY6KIlfhRuhmnnnWLewv/YLStdc=,+UgjteTSWDoDnb0J0ByqYSN/0rw=
18,-3,fY6KIlfhRuhmnnnWLewv/YLStdc=,+UgjteTSWDoDnb0J0ByqYSN/0rw=
19,-4,fY6KIlfhRuhmnnnWLewv/YLStdc=,+UgjteTSWDoDnb0J0ByqYSN/0rw=
18,-4,fY6KIlfhRuhmnnnWLewv/YLStdc=,+UgjteTSWDoDnb0J0ByqYSN/0rw=
19,-5,PfV8HHV1SYKVO95CBR+FwedTxxo=,miNjINP0ckpVJoj1q6dXB2fKDvU=
20,-4,fY6KIlfhRuhmnnnWLewv/YLStdc=,KY3xq2tCFnvMeNaaWVWIY2Eh+9I=
18,-5,PfV8HHV1SYKVO95CBR+FwedTxxo=,miNjINP0ckpVJoj1q6dXB2fKDvU=
20,-6,jst0/jr4sCxEI1HSh2f8aWeFfZE=,MxYqP7NtbtofU/T6G3hXA83nP5A=
21,-5,jst0/jr4sCxEI1HSh2f8aWeFfZE=,MxYqP7NtbtofU/T6G3hXA83nP5A=
19,-6,PfV8HHV1SYKVO95CBR+FwedTxxo=,miNjINP0ckpVJoj1q6dXB2fKDvU=
18,-6,PfV8HHV1SYKVO95CBR+FwedTxxo=,miNjINP0ckpVJoj1q6dXB2fKDvU=
20,-5,jst0/jr4sCxEI1HSh2f8aWeFfZE=,MxYqP7NtbtofU/T6G3hXA83nP5A=
21,-4,fY6KIlfhRuhmnnnWLewv/YLStdc=,KY3xq2tCFnvMeNaaWVWIY2Eh+9I=
21,-3,fY6KIlfhRuhmnnnWLewv/YLStdc=,KY3xq2tCFnvMeNaaWVWIY2Eh+9I=
20,-3,fY6KIlfhRuhmnnnWLewv/YLStdc=,KY3xq2tCFnvMeNaaWVWIY2Eh+9I=
21,-6,jst0/jr4sCxEI1HSh2f8aWeFfZE=,MxYqP7NtbtofU/T6G3hXA83nP5A=
19,-9,WIRjtDM+NHB3HmtRevV0NR78NQU=,UkI5onvYA1nYNl8k2ICo36R7WaU=
20,-8,RGQuEOFlLPo6w9yuxQKfDWa5aXU=,MxYqP7NtbtofU/T6G3hXA83nP5A=
21,-8,RGQuEOFlLPo6w9yuxQKfDWa5aXU=,MxYqP7NtbtofU/T6G3hXA83nP5A=
18,-9,WIRjtDM+NHB3HmtRevV0NR78NQU=,UkI5onvYA1nYNl8k2ICo36R7WaU=
21,-9,RGQuEOFlLPo6w9yuxQKfDWa5aXU=,NThPoRKrY+g5mBRLI7oqhqkb9Ko=
20,-9,RGQuEOFlLPo6w9yuxQKfDWa5aXU=,NThPoRKrY+g5mBRLI7oqhqkb9Ko=
19,-10,WIRjtDM+NHB3HmtRevV0NR78NQU=,UkI5onvYA1nYNl8k2ICo36R7WaU=
18,-10,WIRjtDM+NHB3HmtRevV0NR78NQU=,UkI5onvYA1nYNl8k2ICo36R7WaU=
18,-8,WIRjtDM+NHB3HmtRevV0NR78NQU=,miNjINP0ckpVJoj1q6dXB2fKDvU=
20,-10,RGQuEOFlLPo6w9yuxQKfDWa5aXU=,NThPoRKrY+g5mBRLI7oqhqkb9Ko=
21,-10,RGQuEOFlLPo6w9yuxQKfDWa5aXU=,NThPoRKrY+g5mBRLI7oqhqkb9Ko=
19,-8,WIRjtDM+NHB3HmtRevV0NR78NQU=,miNjINP0ckpVJoj1q6dXB2fKDvU=
21,-7,RGQuEOFlLPo6w9yuxQKfDWa5aXU=,MxYqP7NtbtofU/T6G3hXA83nP5A=
18,-7,WIRjtDM+NHB3HmtRevV0NR78NQU=,miNjINP0ckpVJoj1q6dXB2fKDvU=
20,-7,RGQuEOFlLPo6w9yuxQKfDWa5aXU=,MxYqP7NtbtofU/T6G3hXA83nP5A=
19,-7,WIRjtDM+NHB3HmtRevV0NR78NQU=,miNjINP0ckpVJoj1q6dXB2fKDvU=
24,-8,akKHzDF3ng4oq89O92vz7JAscXQ=,Fyob0MlFzRtIlssmvabpX7eVqeE=
25,-8,akKHzDF3ng4oq89O92vz7JAscXQ=,Fyob0MlFzRtIlssmvabpX7eVqeE=
23,-9,akKHzDF3ng4oq89O92vz7JAscXQ=,NThPoRKrY+g5mBRLI7oqhqkb9Ko=
22,-9,akKHzDF3ng4oq89O92vz7JAscXQ=,NThPoRKrY+g5mBRLI7oqhqkb9Ko=
22,-8,akKHzDF3ng4oq89O92vz7JAscXQ=,MxYqP7NtbtofU/T6G3hXA83nP5A=
25,-9,akKHzDF3ng4oq89O92vz7JAscXQ=,WqGkGiv8cneF1ow4cH3u1ZVGTEE=
24,-9,akKHzDF3ng4oq89O92vz7JAscXQ=,WqGkGiv8cneF1ow4cH3u1ZVGTEE=
23,-8,akKHzDF3ng4oq89O92vz7JAscXQ=,MxYqP7NtbtofU/T6G3hXA83nP5A=
23,-10,akKHzDF3ng4oq89O92vz7JAscXQ=,NThPoRKrY+g5mBRLI7oqhqkb9Ko=
22,-10,akKHzDF3ng4oq89O92vz7JAscXQ=,NThPoRKrY+g5mBRLI7oqhqkb9Ko=
25,-10,akKHzDF3ng4oq89O92vz7JAscXQ=,WqGkGiv8cneF1ow4cH3u1ZVGTEE=
25,-7,akKHzDF3ng4oq89O92vz7JAscXQ=,Fyob0MlFzRtIlssmvabpX7eVqeE=
22,-7,akKHzDF3ng4oq89O92vz7JAscXQ=,MxYqP7NtbtofU/T6G3hXA83nP5A=
24,-7,akKHzDF3ng4oq89O92vz7JAscXQ=,Fyob0MlFzRtIlssmvabpX7eVqeE=
24,-10,akKHzDF3ng4oq89O92vz7JAscXQ=,WqGkGiv8cneF1ow4cH3u1ZVGTEE=
23,-7,akKHzDF3ng4oq89O92vz7JAscXQ=,MxYqP7NtbtofU/T6G3hXA83nP5A=
28,-10,e39/F1bELHWmm5gi8856M6oe9LE=,VROyXfEU75nGC2SSMJJ6HSJbQe4=
29,-10,e39/F1bELHWmm5gi8856M6oe9LE=,VROyXfEU75nGC2SSMJJ6HSJbQe4=
28,-8,ozDDT6uqBxLNmp9VeHLFswHXW/U=,SzJVuG9gsBic9GjpwPcjaRjbmWI=
27,-9,ozDDT6uqBxLNmp9VeHLFswHXW/U=,WqGkGiv8cneF1ow4cH3u1ZVGTEE=
26,-8,ozDDT6uqBxLNmp9VeHLFswHXW/U=,Fyob0MlFzRtIlssmvabpX7eVqeE=
27,-8,ozDDT6uqBxLNmp9VeHLFswHXW/U=,Fyob0MlFzRtIlssmvabpX7eVqeE=
26,-9,ozDDT6uqBxLNmp9VeHLFswHXW/U=,WqGkGiv8cneF1ow4cH3u1ZVGTEE=
29,-8,ozDDT6uqBxLNmp9VeHLFswHXW/U=,SzJVuG9gsBic9GjpwPcjaRjbmWI=
27,-10,ozDDT6uqBxLNmp9VeHLFswHXW/U=,WqGkGiv8cneF1ow4cH3u1ZVGTEE=
28,-9,e39/F1bELHWmm5gi8856M6oe9LE=,VROyXfEU75nGC2SSMJJ6HSJbQe4=
29,-9,e39/F1bELHWmm5gi8856M6oe9LE=,VROyXfEU75nGC2SSMJJ6HSJbQe4=
26,-7,ozDDT6uqBxLNmp9VeHLFswHXW/U=,Fyob0MlFzRtIlssmvabpX7eVqeE=
28,-7,ozDDT6uqBxLNmp9VeHLFswHXW/U=,SzJVuG9gsBic9GjpwPcjaRjbmWI=
27,-7,ozDDT6uqBxLNmp9VeHLFswHXW/U=,Fyob0MlFzRtIlssmvabpX7eVqeE=
29,-7,ozDDT6uqBxLNmp9VeHLFswHXW/U=,SzJVuG9gsBic9GjpwPcjaRjbmWI=
26,-10,ozDDT6uqBxLNmp9VeHLFswHXW/U=,WqGkGiv8cneF1ow4cH3u1ZVGTEE=
25,-14,FhmmGzuNHBsjOnmV0143eFPURxM=,3CeWBmwILgG0qDw6fMmyBO/+4j4=
24,-14,FhmmGzuNHBsjOnmV0143eFPURxM=,3CeWBmwILgG0qDw6fMmyBO/+4j4=
25,-12,FhmmGzuNHBsjOnmV0143eFPURxM=,WqGkGiv8cneF1ow4cH3u1ZVGTEE=
22,-12,FhmmGzuNHBsjOnmV0143eFPURxM=,NThPoRKrY+g5mBRLI7oqhqkb9Ko=
24,-11,FhmmGzuNHBsjOnmV0143eFPURxM=,WqGkGiv8cneF1ow4cH3u1ZVGTEE=
25,-11,FhmmGzuNHBsjOnmV0143eFPURxM=,WqGkGiv8cneF1ow4cH3u1ZVGTEE=
24,-12,FhmmGzuNHBsjOnmV0143eFPURxM=,WqGkGiv8cneF1ow4cH3u1ZVGTEE=
23,-12,FhmmGzuNHBsjOnmV0143eFPURxM=,NThPoRKrY+g5mBRLI7oqhqkb9Ko=
23,-11,FhmmGzuNHBsjOnmV0143eFPURxM=,NThPoRKrY+g5mBRLI7oqhqkb9Ko=
23,-13,FhmmGzuNHBsjOnmV0143eFPURxM=,n/nClTSaNYvPr8pA0q8bwBt/VKQ=
22,-11,FhmmGzuNHBsjOnmV0143eFPURxM=,NThPoRKrY+g5mBRLI7oqhqkb9Ko=
22,-14,FhmmGzuNHBsjOnmV0143eFPURxM=,n/nClTSaNYvPr8pA0q8bwBt/VKQ=
24,-13,FhmmGzuNHBsjOnmV0143eFPURxM=,3CeWBmwILgG0qDw6fMmyBO/+4j4=
25,-13,FhmmGzuNHBsjOnmV0143eFPURxM=,3CeWBmwILgG0qDw6fMmyBO/+4j4=
22,-13,FhmmGzuNHBsjOnmV0143eFPURxM=,n/nClTSaNYvPr8pA0q8bwBt/VKQ=
23,-14,FhmmGzuNHBsjOnmV0143eFPURxM=,n/nClTSaNYvPr8pA0q8bwBt/VKQ=
24,-6,VSm8FgTptWWru+/KoNeyEralN7Q=,Fyob0MlFzRtIlssmvabpX7eVqeE=
25,-6,VSm8FgTptWWru+/KoNeyEralN7Q=,Fyob0MlFzRtIlssmvabpX7eVqeE=
23,-5,VSm8FgTptWWru+/KoNeyEralN7Q=,MxYqP7NtbtofU/T6G3hXA83nP5A=
23,-3,R5xH0xfEAbw9PoP2NTgY5H5VOI0=,KY3xq2tCFnvMeNaaWVWIY2Eh+9I=
22,-3,R5xH0xfEAbw9PoP2NTgY5H5VOI0=,KY3xq2tCFnvMeNaaWVWIY2Eh+9I=
25,-4,R5xH0xfEAbw9PoP2NTgY5H5VOI0=,+JKNzKjpAwExTpVrieZKKJpMsHI=
22,-5,VSm8FgTptWWru+/KoNeyEralN7Q=,MxYqP7NtbtofU/T6G3hXA83nP5A=
24,-3,R5xH0xfEAbw9PoP2NTgY5H5VOI0=,+JKNzKjpAwExTpVrieZKKJpMsHI=
24,-4,R5xH0xfEAbw9PoP2NTgY5H5VOI0=,+JKNzKjpAwExTpVrieZKKJpMsHI=
23,-4,R5xH0xfEAbw9PoP2NTgY5H5VOI0=,KY3xq2tCFnvMeNaaWVWIY2Eh+9I=
22,-4,R5xH0xfEAbw9PoP2NTgY5H5VOI0=,KY3xq2tCFnvMeNaaWVWIY2Eh+9I=
25,-3,R5xH0xfEAbw9PoP2NTgY5H5VOI0=,+JKNzKjpAwExTpVrieZKKJpMsHI=
22,-6,u6Cung5VPkEu73VvD4Q/UW3pIFs=,MxYqP7NtbtofU/T6G3hXA83nP5A=
25,-5,u6Cung5VPkEu73VvD4Q/UW3pIFs=,Fyob0MlFzRtIlssmvabpX7eVqeE=
24,-5,u6Cung5VPkEu73VvD4Q/UW3pIFs=,Fyob0MlFzRtIlssmvabpX7eVqeE=
23,-6,u6Cung5VPkEu73VvD4Q/UW3pIFs=,MxYqP7NtbtofU/T6G3hXA83nP5A=
26,-6,VSm8FgTptWWru+/KoNeyEralN7Q=,Fyob0MlFzRtIlssmvabpX7eVqeE=
27,-6,VSm8FgTptWWru+/KoNeyEralN7Q=,Fyob0MlFzRtIlssmvabpX7eVqeE=
28,-3,fY6KIlfhRuhmnnnWLewv/YLStdc=,Jv9iVt70Fm/ssoZQ3b+Xfbt9xvQ=
29,-3,fY6KIlfhRuhmnnnWLewv/YLStdc=,Jv9iVt70Fm/ssoZQ3b+Xfbt9xvQ=
28,-5,u6Cung5VPkEu73VvD4Q/UW3pIFs=,SzJVuG9gsBic9GjpwPcjaRjbmWI=
26,-3,fY6KIlfhRuhmnnnWLewv/YLStdc=,+JKNzKjpAwExTpVrieZKKJpMsHI=
29,-5,u6Cung5VPkEu73VvD4Q/UW3pIFs=,SzJVuG9gsBic9GjpwPcjaRjbmWI=
28,-6,u6Cung5VPkEu73VvD4Q/UW3pIFs=,SzJVuG9gsBic9GjpwPcjaRjbmWI=
28,-4,ufqM/RSjsjAwC1FY2UZhx58zG+g=,Jv9iVt70Fm/ssoZQ3b+Xfbt9xvQ=
29,-6,u6Cung5VPkEu73VvD4Q/UW3pIFs=,SzJVuG9gsBic9GjpwPcjaRjbmWI=
29,-4,ufqM/RSjsjAwC1FY2UZhx58zG+g=,Jv9iVt70Fm/ssoZQ3b+Xfbt9xvQ=
27,-3,ufqM/RSjsjAwC1FY2UZhx58zG+g=,+JKNzKjpAwExTpVrieZKKJpMsHI=
26,-1,fY6KIlfhRuhmnnnWLewv/YLStdc=,+JKNzKjpAwExTpVrieZKKJpMsHI=
29,-1,fY6KIlfhRuhmnnnWLewv/YLStdc=,Jv9iVt70Fm/ssoZQ3b+Xfbt9xvQ=
27,-4,fY6KIlfhRuhmnnnWLewv/YLStdc=,+JKNzKjpAwExTpVrieZKKJpMsHI=
26,-4,fY6KIlfhRuhmnnnWLewv/YLStdc=,+JKNzKjpAwExTpVrieZKKJpMsHI=
27,-2,fY6KIlfhRuhmnnnWLewv/YLStdc=,+JKNzKjpAwExTpVrieZKKJpMsHI=
28,-1,fY6KIlfhRuhmnnnWLewv/YLStdc=,Jv9iVt70Fm/ssoZQ3b+Xfbt9xvQ=
28,-2,fY6KIlfhRuhmnnnWLewv/YLStdc=,Jv9iVt70Fm/ssoZQ3b+Xfbt9xvQ=
29,-2,fY6KIlfhRuhmnnnWLewv/YLStdc=,Jv9iVt70Fm/ssoZQ3b+Xfbt9xvQ=
26,-5,u6Cung5VPkEu73VvD4Q/UW3pIFs=,Fyob0MlFzRtIlssmvabpX7eVqeE=
27,-5,u6Cung5VPkEu73VvD4Q/UW3pIFs=,Fyob0MlFzRtIlssmvabpX7eVqeE=
27,-1,ufqM/RSjsjAwC1FY2UZhx58zG+g=,+JKNzKjpAwExTpVrieZKKJpMsHI=
26,-2,fY6KIlfhRuhmnnnWLewv/YLStdc=,+JKNzKjpAwExTpVrieZKKJpMsHI=
19,-13,FhmmGzuNHBsjOnmV0143eFPURxM=,EQ9S/s5WozkcPWiH7MRqqeBvhJ8=
18,-13,FhmmGzuNHBsjOnmV0143eFPURxM=,EQ9S/s5WozkcPWiH7MRqqeBvhJ8=
17,-13,FhmmGzuNHBsjOnmV0143eFPURxM=,EQ9S/s5WozkcPWiH7MRqqeBvhJ8=
16,-12,h30npjz4+VSGIldyoRYP8iYmEj0=,UkI5onvYA1nYNl8k2ICo36R7WaU=
16,-13,FhmmGzuNHBsjOnmV0143eFPURxM=,EQ9S/s5WozkcPWiH7MRqqeBvhJ8=
19,-14,FhmmGzuNHBsjOnmV0143eFPURxM=,EQ9S/s5WozkcPWiH7MRqqeBvhJ8=
18,-14,FhmmGzuNHBsjOnmV0143eFPURxM=,EQ9S/s5WozkcPWiH7MRqqeBvhJ8=
19,-11,h30npjz4+VSGIldyoRYP8iYmEj0=,UkI5onvYA1nYNl8k2ICo36R7WaU=
17,-12,h30npjz4+VSGIldyoRYP8iYmEj0=,UkI5onvYA1nYNl8k2ICo36R7WaU=
20,-16,TJVjxesxv7UcMKtSsUVGFyVs5cg=,n/nClTSaNYvPr8pA0q8bwBt/VKQ=
21,-16,FhmmGzuNHBsjOnmV0143eFPURxM=,n/nClTSaNYvPr8pA0q8bwBt/VKQ=
17,-14,FhmmGzuNHBsjOnmV0143eFPURxM=,EQ9S/s5WozkcPWiH7MRqqeBvhJ8=
18,-16,FhmmGzuNHBsjOnmV0143eFPURxM=,EQ9S/s5WozkcPWiH7MRqqeBvhJ8=
18,-11,h30npjz4+VSGIldyoRYP8iYmEj0=,UkI5onvYA1nYNl8k2ICo36R7WaU=
19,-16,FhmmGzuNHBsjOnmV0143eFPURxM=,EQ9S/s5WozkcPWiH7MRqqeBvhJ8=
20,-15,FhmmGzuNHBsjOnmV0143eFPURxM=,n/nClTSaNYvPr8pA0q8bwBt/VKQ=
21,-15,FhmmGzuNHBsjOnmV0143eFPURxM=,n/nClTSaNYvPr8pA0q8bwBt/VKQ=
16,-14,FhmmGzuNHBsjOnmV0143eFPURxM=,EQ9S/s5WozkcPWiH7MRqqeBvhJ8=
19,-15,FhmmGzuNHBsjOnmV0143eFPURxM=,EQ9S/s5WozkcPWiH7MRqqeBvhJ8=
20,-12,FhmmGzuNHBsjOnmV0143eFPURxM=,NThPoRKrY+g5mBRLI7oqhqkb9Ko=
21,-12,FhmmGzuNHBsjOnmV0143eFPURxM=,NThPoRKrY+g5mBRLI7oqhqkb9Ko=
21,-11,FhmmGzuNHBsjOnmV0143eFPURxM=,NThPoRKrY+g5mBRLI7oqhqkb9Ko=
18,-12,h30npjz4+VSGIldyoRYP8iYmEj0=,UkI5onvYA1nYNl8k2ICo36R7WaU=
20,-11,FhmmGzuNHBsjOnmV0143eFPURxM=,NThPoRKrY+g5mBRLI7oqhqkb9Ko=
19,-12,h30npjz4+VSGIldyoRYP8iYmEj0=,UkI5onvYA1nYNl8k2ICo36R7WaU=
20,-13,FhmmGzuNHBsjOnmV0143eFPURxM=,n/nClTSaNYvPr8pA0q8bwBt/VKQ=
21,-13,FhmmGzuNHBsjOnmV0143eFPURxM=,n/nClTSaNYvPr8pA0q8bwBt/VKQ=
17,-11,h30npjz4+VSGIldyoRYP8iYmEj0=,UkI5onvYA1nYNl8k2ICo36R7WaU=
18,-15,FhmmGzuNHBsjOnmV0143eFPURxM=,EQ9S/s5WozkcPWiH7MRqqeBvhJ8=
20,-14,FhmmGzuNHBsjOnmV0143eFPURxM=,n/nClTSaNYvPr8pA0q8bwBt/VKQ=
16,-11,h30npjz4+VSGIldyoRYP8iYmEj0=,UkI5onvYA1nYNl8k2ICo36R7WaU=
21,-14,FhmmGzuNHBsjOnmV0143eFPURxM=,n/nClTSaNYvPr8pA0q8bwBt/VKQ=
17,-10,WIRjtDM+NHB3HmtRevV0NR78NQU=,UkI5onvYA1nYNl8k2ICo36R7WaU=
16,-8,WIRjtDM+NHB3HmtRevV0NR78NQU=,miNjINP0ckpVJoj1q6dXB2fKDvU=
16,-9,WIRjtDM+NHB3HmtRevV0NR78NQU=,UkI5onvYA1nYNl8k2ICo36R7WaU=
16,-10,WIRjtDM+NHB3HmtRevV0NR78NQU=,UkI5onvYA1nYNl8k2ICo36R7WaU=
17,-8,WIRjtDM+NHB3HmtRevV0NR78NQU=,miNjINP0ckpVJoj1q6dXB2fKDvU=
17,-9,WIRjtDM+NHB3HmtRevV0NR78NQU=,UkI5onvYA1nYNl8k2ICo36R7WaU=
17,-7,WIRjtDM+NHB3HmtRevV0NR78NQU=,miNjINP0ckpVJoj1q6dXB2fKDvU=
16,-7,WIRjtDM+NHB3HmtRevV0NR78NQU=,miNjINP0ckpVJoj1q6dXB2fKDvU=
28,-12,eXtV/x9Hh7B/8cAdq5RIigZzPqY=,VROyXfEU75nGC2SSMJJ6HSJbQe4=
29,-12,eXtV/x9Hh7B/8cAdq5RIigZzPqY=,VROyXfEU75nGC2SSMJJ6HSJbQe4=
27,-12,TJVjxesxv7UcMKtSsUVGFyVs5cg=,WqGkGiv8cneF1ow4cH3u1ZVGTEE=
26,-12,TJVjxesxv7UcMKtSsUVGFyVs5cg=,WqGkGiv8cneF1ow4cH3u1ZVGTEE=
27,-14,TJVjxesxv7UcMKtSsUVGFyVs5cg=,3CeWBmwILgG0qDw6fMmyBO/+4j4=
26,-14,TJVjxesxv7UcMKtSsUVGFyVs5cg=,3CeWBmwILgG0qDw6fMmyBO/+4j4=
29,-11,eXtV/x9Hh7B/8cAdq5RIigZzPqY=,VROyXfEU75nGC2SSMJJ6HSJbQe4=
28,-11,eXtV/x9Hh7B/8cAdq5RIigZzPqY=,VROyXfEU75nGC2SSMJJ6HSJbQe4=
29,-13,TJVjxesxv7UcMKtSsUVGFyVs5cg=,oIOHYJJ5TTFPE3JqSBUv3lFxVsM=
28,-13,TJVjxesxv7UcMKtSsUVGFyVs5cg=,oIOHYJJ5TTFPE3JqSBUv3lFxVsM=
27,-13,TJVjxesxv7UcMKtSsUVGFyVs5cg=,3CeWBmwILgG0qDw6fMmyBO/+4j4=
26,-13,TJVjxesxv7UcMKtSsUVGFyVs5cg=,3CeWBmwILgG0qDw6fMmyBO/+4j4=
27,-11,TJVjxesxv7UcMKtSsUVGFyVs5cg=,WqGkGiv8cneF1ow4cH3u1ZVGTEE=
29,-14,TJVjxesxv7UcMKtSsUVGFyVs5cg=,oIOHYJJ5TTFPE3JqSBUv3lFxVsM=
28,-14,TJVjxesxv7UcMKtSsUVGFyVs5cg=,oIOHYJJ5TTFPE3JqSBUv3lFxVsM=
26,-11,TJVjxesxv7UcMKtSsUVGFyVs5cg=,WqGkGiv8cneF1ow4cH3u1ZVGTEE=
17,-3,7DU46afTwS80Bp8MeGE7DuM+8vM=,+UgjteTSWDoDnb0J0ByqYSN/0rw=
17,-5,WIRjtDM+NHB3HmtRevV0NR78NQU=,miNjINP0ckpVJoj1q6dXB2fKDvU=
17,-6,WIRjtDM+NHB3HmtRevV0NR78NQU=,miNjINP0ckpVJoj1q6dXB2fKDvU=
16,-3,7DU46afTwS80Bp8MeGE7DuM+8vM=,+UgjteTSWDoDnb0J0ByqYSN/0rw=
16,-5,WIRjtDM+NHB3HmtRevV0NR78NQU=,miNjINP0ckpVJoj1q6dXB2fKDvU=
17,-4,fY6KIlfhRuhmnnnWLewv/YLStdc=,+UgjteTSWDoDnb0J0ByqYSN/0rw=
16,-6,WIRjtDM+NHB3HmtRevV0NR78NQU=,miNjINP0ckpVJoj1q6dXB2fKDvU=
16,-4,7DU46afTwS80Bp8MeGE7DuM+8vM=,+UgjteTSWDoDnb0J0ByqYSN/0rw=
30,-16,FhmmGzuNHBsjOnmV0143eFPURxM=,oIOHYJJ5TTFPE3JqSBUv3lFxVsM=
31,-15,FhmmGzuNHBsjOnmV0143eFPURxM=,oIOHYJJ5TTFPE3JqSBUv3lFxVsM=
30,-15,FhmmGzuNHBsjOnmV0143eFPURxM=,oIOHYJJ5TTFPE3JqSBUv3lFxVsM=
31,-16,FhmmGzuNHBsjOnmV0143eFPURxM=,oIOHYJJ5TTFPE3JqSBUv3lFxVsM=
30,-12,eXtV/x9Hh7B/8cAdq5RIigZzPqY=,VROyXfEU75nGC2SSMJJ6HSJbQe4=
31,-12,eXtV/x9Hh7B/8cAdq5RIigZzPqY=,VROyXfEU75nGC2SSMJJ6HSJbQe4=
30,-14,FhmmGzuNHBsjOnmV0143eFPURxM=,oIOHYJJ5TTFPE3JqSBUv3lFxVsM=
31,-14,FhmmGzuNHBsjOnmV0143eFPURxM=,oIOHYJJ5TTFPE3JqSBUv3lFxVsM=
30,-13,FhmmGzuNHBsjOnmV0143eFPURxM=,oIOHYJJ5TTFPE3JqSBUv3lFxVsM=
30,-11,eXtV/x9Hh7B/8cAdq5RIigZzPqY=,VROyXfEU75nGC2SSMJJ6HSJbQe4=
31,-11,eXtV/x9Hh7B/8cAdq5RIigZzPqY=,VROyXfEU75nGC2SSMJJ6HSJbQe4=
31,-13,FhmmGzuNHBsjOnmV0143eFPURxM=,oIOHYJJ5TTFPE3JqSBUv3lFxVsM=
31,-1,fY6KIlfhRuhmnnnWLewv/YLStdc=,Jv9iVt70Fm/ssoZQ3b+Xfbt9xvQ=
30,-1,fY6KIlfhRuhmnnnWLewv/YLStdc=,Jv9iVt70Fm/ssoZQ3b+Xfbt9xvQ=
30,-2,fY6KIlfhRuhmnnnWLewv/YLStdc=,Jv9iVt70Fm/ssoZQ3b+Xfbt9xvQ=
31,-2,fY6KIlfhRuhmnnnWLewv/YLStdc=,Jv9iVt70Fm/ssoZQ3b+Xfbt9xvQ=
17,-2,fY6KIlfhRuhmnnnWLewv/YLStdc=,+UgjteTSWDoDnb0J0ByqYSN/0rw=
17,-1,7DU46afTwS80Bp8MeGE7DuM+8vM=,+UgjteTSWDoDnb0J0ByqYSN/0rw=
16,-2,fY6KIlfhRuhmnnnWLewv/YLStdc=,+UgjteTSWDoDnb0J0ByqYSN/0rw=
16,-1,fY6KIlfhRuhmnnnWLewv/YLStdc=,+UgjteTSWDoDnb0J0ByqYSN/0rw=
19,-1,fY6KIlfhRuhmnnnWLewv/YLStdc=,+UgjteTSWDoDnb0J0ByqYSN/0rw=
18,-1,fY6KIlfhRuhmnnnWLewv/YLStdc=,+UgjteTSWDoDnb0J0ByqYSN/0rw=
19,-2,fY6KIlfhRuhmnnnWLewv/YLStdc=,+UgjteTSWDoDnb0J0ByqYSN/0rw=
30,-3,fY6KIlfhRuhmnnnWLewv/YLStdc=,Jv9iVt70Fm/ssoZQ3b+Xfbt9xvQ=
22,-1,R5xH0xfEAbw9PoP2NTgY5H5VOI0=,KY3xq2tCFnvMeNaaWVWIY2Eh+9I=
31,-3,fY6KIlfhRuhmnnnWLewv/YLStdc=,Jv9iVt70Fm/ssoZQ3b+Xfbt9xvQ=
30,-10,L+PD9XNpH55vACUd5WDAF4mOvbA=,VROyXfEU75nGC2SSMJJ6HSJbQe4=
18,-2,fY6KIlfhRuhmnnnWLewv/YLStdc=,+UgjteTSWDoDnb0J0ByqYSN/0rw=
23,-1,R5xH0xfEAbw9PoP2NTgY5H5VOI0=,KY3xq2tCFnvMeNaaWVWIY2Eh+9I=
30,-8,FhmmGzuNHBsjOnmV0143eFPURxM=,SzJVuG9gsBic9GjpwPcjaRjbmWI=
31,-8,FhmmGzuNHBsjOnmV0143eFPURxM=,SzJVuG9gsBic9GjpwPcjaRjbmWI=
31,-10,L+PD9XNpH55vACUd5WDAF4mOvbA=,VROyXfEU75nGC2SSMJJ6HSJbQe4=
30,-4,fY6KIlfhRuhmnnnWLewv/YLStdc=,Jv9iVt70Fm/ssoZQ3b+Xfbt9xvQ=
31,-4,fY6KIlfhRuhmnnnWLewv/YLStdc=,Jv9iVt70Fm/ssoZQ3b+Xfbt9xvQ=
30,-6,FhmmGzuNHBsjOnmV0143eFPURxM=,SzJVuG9gsBic9GjpwPcjaRjbmWI=
31,-6,FhmmGzuNHBsjOnmV0143eFPURxM=,SzJVuG9gsBic9GjpwPcjaRjbmWI=
24,-1,R5xH0xfEAbw9PoP2NTgY5H5VOI0=,+JKNzKjpAwExTpVrieZKKJpMsHI=
30,-9,L+PD9XNpH55vACUd5WDAF4mOvbA=,VROyXfEU75nGC2SSMJJ6HSJbQe4=
30,-7,FhmmGzuNHBsjOnmV0143eFPURxM=,SzJVuG9gsBic9GjpwPcjaRjbmWI=
31,-9,L+PD9XNpH55vACUd5WDAF4mOvbA=,VROyXfEU75nGC2SSMJJ6HSJbQe4=
31,-7,FhmmGzuNHBsjOnmV0143eFPURxM=,SzJVuG9gsBic9GjpwPcjaRjbmWI=
25,-1,R5xH0xfEAbw9PoP2NTgY5H5VOI0=,+JKNzKjpAwExTpVrieZKKJpMsHI=
30,-5,FhmmGzuNHBsjOnmV0143eFPURxM=,SzJVuG9gsBic9GjpwPcjaRjbmWI=
31,-5,FhmmGzuNHBsjOnmV0143eFPURxM=,SzJVuG9gsBic9GjpwPcjaRjbmWI=
21,-1,fY6KIlfhRuhmnnnWLewv/YLStdc=,KY3xq2tCFnvMeNaaWVWIY2Eh+9I=
24,-2,R5xH0xfEAbw9PoP2NTgY5H5VOI0=,+JKNzKjpAwExTpVrieZKKJpMsHI=
22,-16,FhmmGzuNHBsjOnmV0143eFPURxM=,n/nClTSaNYvPr8pA0q8bwBt/VKQ=
23,-16,FhmmGzuNHBsjOnmV0143eFPURxM=,n/nClTSaNYvPr8pA0q8bwBt/VKQ=
20,-1,fY6KIlfhRuhmnnnWLewv/YLStdc=,KY3xq2tCFnvMeNaaWVWIY2Eh+9I=
25,-2,R5xH0xfEAbw9PoP2NTgY5H5VOI0=,+JKNzKjpAwExTpVrieZKKJpMsHI=
20,-2,fY6KIlfhRuhmnnnWLewv/YLStdc=,KY3xq2tCFnvMeNaaWVWIY2Eh+9I=
23,-2,R5xH0xfEAbw9PoP2NTgY5H5VOI0=,KY3xq2tCFnvMeNaaWVWIY2Eh+9I=
21,-2,fY6KIlfhRuhmnnnWLewv/YLStdc=,KY3xq2tCFnvMeNaaWVWIY2Eh+9I=
27,-16,TJVjxesxv7UcMKtSsUVGFyVs5cg=,3CeWBmwILgG0qDw6fMmyBO/+4j4=
22,-15,FhmmGzuNHBsjOnmV0143eFPURxM=,n/nClTSaNYvPr8pA0q8bwBt/VKQ=
22,-2,R5xH0xfEAbw9PoP2NTgY5H5VOI0=,KY3xq2tCFnvMeNaaWVWIY2Eh+9I=
27,-15,TJVjxesxv7UcMKtSsUVGFyVs5cg=,3CeWBmwILgG0qDw6fMmyBO/+4j4=
23,-15,FhmmGzuNHBsjOnmV0143eFPURxM=,n/nClTSaNYvPr8pA0q8bwBt/VKQ=
24,-15,FhmmGzuNHBsjOnmV0143eFPURxM=,3CeWBmwILgG0qDw6fMmyBO/+4j4=
26,-15,TJVjxesxv7UcMKtSsUVGFyVs5cg=,3CeWBmwILgG0qDw6fMmyBO/+4j4=
29,-15,TJVjxesxv7UcMKtSsUVGFyVs5cg=,oIOHYJJ5TTFPE3JqSBUv3lFxVsM=
25,-16,FhmmGzuNHBsjOnmV0143eFPURxM=,3CeWBmwILgG0qDw6fMmyBO/+4j4=
24,-16,FhmmGzuNHBsjOnmV0143eFPURxM=,3CeWBmwILgG0qDw6fMmyBO/+4j4=
28,-15,TJVjxesxv7UcMKtSsUVGFyVs5cg=,oIOHYJJ5TTFPE3JqSBUv3lFxVsM=
29,-16,TJVjxesxv7UcMKtSsUVGFyVs5cg=,oIOHYJJ5TTFPE3JqSBUv3lFxVsM=
28,-16,TJVjxesxv7UcMKtSsUVGFyVs5cg=,oIOHYJJ5TTFPE3JqSBUv3lFxVsM=
26,-16,TJVjxesxv7UcMKtSsUVGFyVs5cg=,3CeWBmwILgG0qDw6fMmyBO/+4j4=
16,-16,FhmmGzuNHBsjOnmV0143eFPURxM=,EQ9S/s5WozkcPWiH7MRqqeBvhJ8=
25,-15,FhmmGzuNHBsjOnmV0143eFPURxM=,3CeWBmwILgG0qDw6fMmyBO/+4j4=
17,-15,FhmmGzuNHBsjOnmV0143eFPURxM=,EQ9S/s5WozkcPWiH7MRqqeBvhJ8=
16,-15,FhmmGzuNHBsjOnmV0143eFPURxM=,EQ9S/s5WozkcPWiH7MRqqeBvhJ8=
17,-16,FhmmGzuNHBsjOnmV0143eFPURxM=,EQ9S/s5WozkcPWiH7MRqqeBvhJ8=
20,-20,6i586jz2DMa95776HbArnuZzeSE=,DJKedQ2/JMrzM5C3ycag6qPK7tc=
21,-20,6i586jz2DMa95776HbArnuZzeSE=,DJKedQ2/JMrzM5C3ycag6qPK7tc=
21,-21,6i586jz2DMa95776HbArnuZzeSE=,eXJPCp/+blaSXdjHjwY0fkGwJBI=
18,-21,AuXl20f5i8Ve0YCSIlmOPgX/xyU=,CiNRdlma2Uz7riCT9kFtFYYs9cA=
19,-21,AuXl20f5i8Ve0YCSIlmOPgX/xyU=,CiNRdlma2Uz7riCT9kFtFYYs9cA=
18,-20,AuXl20f5i8Ve0YCSIlmOPgX/xyU=,CaxSOhSfZthx55a3BNcG4HnUIuo=
19,-20,AuXl20f5i8Ve0YCSIlmOPgX/xyU=,CaxSOhSfZthx55a3BNcG4HnUIuo=
20,-21,6i586jz2DMa95776HbArnuZzeSE=,eXJPCp/+blaSXdjHjwY0fkGwJBI=
20,-22,6i586jz2DMa95776HbArnuZzeSE=,eXJPCp/+blaSXdjHjwY0fkGwJBI=
19,-22,AuXl20f5i8Ve0YCSIlmOPgX/xyU=,CiNRdlma2Uz7riCT9kFtFYYs9cA=
18,-22,AuXl20f5i8Ve0YCSIlmOPgX/xyU=,CiNRdlma2Uz7riCT9kFtFYYs9cA=
21,-19,6i586jz2DMa95776HbArnuZzeSE=,DJKedQ2/JMrzM5C3ycag6qPK7tc=
21,-22,6i586jz2DMa95776HbArnuZzeSE=,eXJPCp/+blaSXdjHjwY0fkGwJBI=
20,-19,6i586jz2DMa95776HbArnuZzeSE=,DJKedQ2/JMrzM5C3ycag6qPK7tc=
19,-19,AuXl20f5i8Ve0YCSIlmOPgX/xyU=,CaxSOhSfZthx55a3BNcG4HnUIuo=
18,-19,AuXl20f5i8Ve0YCSIlmOPgX/xyU=,CaxSOhSfZthx55a3BNcG4HnUIuo=
24,-19,6i586jz2DMa95776HbArnuZzeSE=,lymzROUm6rGoG12WTs5U7fVWmI4=
25,-19,6i586jz2DMa95776HbArnuZzeSE=,lymzROUm6rGoG12WTs5U7fVWmI4=
27,-20,6i586jz2DMa95776HbArnuZzeSE=,lymzROUm6rGoG12WTs5U7fVWmI4=
22,-21,6i586jz2DMa95776HbArnuZzeSE=,eXJPCp/+blaSXdjHjwY0fkGwJBI=
23,-21,6i586jz2DMa95776HbArnuZzeSE=,eXJPCp/+blaSXdjHjwY0fkGwJBI=
27,-21,6i586jz2DMa95776HbArnuZzeSE=,Gi+LwxEooahpR86uh9ubUlqQcrM=
24,-22,6i586jz2DMa95776HbArnuZzeSE=,Gi+LwxEooahpR86uh9ubUlqQcrM=
26,-21,6i586jz2DMa95776HbArnuZzeSE=,Gi+LwxEooahpR86uh9ubUlqQcrM=
25,-22,6i586jz2DMa95776HbArnuZzeSE=,Gi+LwxEooahpR86uh9ubUlqQcrM=
26,-20,6i586jz2DMa95776HbArnuZzeSE=,lymzROUm6rGoG12WTs5U7fVWmI4=
28,-19,6i586jz2DMa95776HbArnuZzeSE=,oMDhjT+a6WptTuN+pFUFdfdPpqQ=
29,-19,6i586jz2DMa95776HbArnuZzeSE=,oMDhjT+a6WptTuN+pFUFdfdPpqQ=
28,-20,6i586jz2DMa95776HbArnuZzeSE=,oMDhjT+a6WptTuN+pFUFdfdPpqQ=
22,-20,6i586jz2DMa95776HbArnuZzeSE=,DJKedQ2/JMrzM5C3ycag6qPK7tc=
23,-20,6i586jz2DMa95776HbArnuZzeSE=,DJKedQ2/JMrzM5C3ycag6qPK7tc=
29,-20,6i586jz2DMa95776HbArnuZzeSE=,oMDhjT+a6WptTuN+pFUFdfdPpqQ=
23,-22,6i586jz2DMa95776HbArnuZzeSE=,eXJPCp/+blaSXdjHjwY0fkGwJBI=
22,-19,6i586jz2DMa95776HbArnuZzeSE=,DJKedQ2/JMrzM5C3ycag6qPK7tc=
23,-19,6i586jz2DMa95776HbArnuZzeSE=,DJKedQ2/JMrzM5C3ycag6qPK7tc=
24,-20,6i586jz2DMa95776HbArnuZzeSE=,lymzROUm6rGoG12WTs5U7fVWmI4=
24,-18,6i586jz2DMa95776HbArnuZzeSE=,lymzROUm6rGoG12WTs5U7fVWmI4=
25,-18,6i586jz2DMa95776HbArnuZzeSE=,lymzROUm6rGoG12WTs5U7fVWmI4=
24,-17,6i586jz2DMa95776HbArnuZzeSE=,lymzROUm6rGoG12WTs5U7fVWmI4=
25,-17,6i586jz2DMa95776HbArnuZzeSE=,lymzROUm6rGoG12WTs5U7fVWmI4=
22,-18,6i586jz2DMa95776HbArnuZzeSE=,DJKedQ2/JMrzM5C3ycag6qPK7tc=
23,-18,6i586jz2DMa95776HbArnuZzeSE=,DJKedQ2/JMrzM5C3ycag6qPK7tc=
22,-17,6i586jz2DMa95776HbArnuZzeSE=,DJKedQ2/JMrzM5C3ycag6qPK7tc=
23,-17,6i586jz2DMa95776HbArnuZzeSE=,DJKedQ2/JMrzM5C3ycag6qPK7tc=
25,-21,6i586jz2DMa95776HbArnuZzeSE=,Gi+LwxEooahpR86uh9ubUlqQcrM=
25,-20,6i586jz2DMa95776HbArnuZzeSE=,lymzROUm6rGoG12WTs5U7fVWmI4=
26,-19,6i586jz2DMa95776HbArnuZzeSE=,lymzROUm6rGoG12WTs5U7fVWmI4=
24,-21,6i586jz2DMa95776HbArnuZzeSE=,Gi+LwxEooahpR86uh9ubUlqQcrM=
22,-22,6i586jz2DMa95776HbArnuZzeSE=,eXJPCp/+blaSXdjHjwY0fkGwJBI=
27,-22,6i586jz2DMa95776HbArnuZzeSE=,Gi+LwxEooahpR86uh9ubUlqQcrM=
26,-22,6i586jz2DMa95776HbArnuZzeSE=,Gi+LwxEooahpR86uh9ubUlqQcrM=
27,-19,6i586jz2DMa95776HbArnuZzeSE=,lymzROUm6rGoG12WTs5U7fVWmI4=
20,-24,6i586jz2DMa95776HbArnuZzeSE=,eXJPCp/+blaSXdjHjwY0fkGwJBI=
20,-23,6i586jz2DMa95776HbArnuZzeSE=,eXJPCp/+blaSXdjHjwY0fkGwJBI=
19,-23,AuXl20f5i8Ve0YCSIlmOPgX/xyU=,CiNRdlma2Uz7riCT9kFtFYYs9cA=
18,-23,AuXl20f5i8Ve0YCSIlmOPgX/xyU=,CiNRdlma2Uz7riCT9kFtFYYs9cA=
19,-24,AuXl20f5i8Ve0YCSIlmOPgX/xyU=,CiNRdlma2Uz7riCT9kFtFYYs9cA=
18,-24,AuXl20f5i8Ve0YCSIlmOPgX/xyU=,CiNRdlma2Uz7riCT9kFtFYYs9cA=
21,-24,6i586jz2DMa95776HbArnuZzeSE=,eXJPCp/+blaSXdjHjwY0fkGwJBI=
21,-23,6i586jz2DMa95776HbArnuZzeSE=,eXJPCp/+blaSXdjHjwY0fkGwJBI=
16,-24,AuXl20f5i8Ve0YCSIlmOPgX/xyU=,CiNRdlma2Uz7riCT9kFtFYYs9cA=
17,-24,AuXl20f5i8Ve0YCSIlmOPgX/xyU=,CiNRdlma2Uz7riCT9kFtFYYs9cA=
16,-23,AuXl20f5i8Ve0YCSIlmOPgX/xyU=,CiNRdlma2Uz7riCT9kFtFYYs9cA=
17,-23,AuXl20f5i8Ve0YCSIlmOPgX/xyU=,CiNRdlma2Uz7riCT9kFtFYYs9cA=
28,-18,6i586jz2DMa95776HbArnuZzeSE=,oMDhjT+a6WptTuN+pFUFdfdPpqQ=
29,-18,6i586jz2DMa95776HbArnuZzeSE=,oMDhjT+a6WptTuN+pFUFdfdPpqQ=
26,-18,6i586jz2DMa95776HbArnuZzeSE=,lymzROUm6rGoG12WTs5U7fVWmI4=
18,-18,AuXl20f5i8Ve0YCSIlmOPgX/xyU=,CaxSOhSfZthx55a3BNcG4HnUIuo=
19,-18,AuXl20f5i8Ve0YCSIlmOPgX/xyU=,CaxSOhSfZthx55a3BNcG4HnUIuo=
20,-18,6i586jz2DMa95776HbArnuZzeSE=,DJKedQ2/JMrzM5C3ycag6qPK7tc=
21,-18,6i586jz2DMa95776HbArnuZzeSE=,DJKedQ2/JMrzM5C3ycag6qPK7tc=
27,-18,6i586jz2DMa95776HbArnuZzeSE=,lymzROUm6rGoG12WTs5U7fVWmI4=
28,-17,6i586jz2DMa95776HbArnuZzeSE=,oMDhjT+a6WptTuN+pFUFdfdPpqQ=
29,-17,6i586jz2DMa95776HbArnuZzeSE=,oMDhjT+a6WptTuN+pFUFdfdPpqQ=
27,-17,6i586jz2DMa95776HbArnuZzeSE=,lymzROUm6rGoG12WTs5U7fVWmI4=
20,-17,6i586jz2DMa95776HbArnuZzeSE=,DJKedQ2/JMrzM5C3ycag6qPK7tc=
19,-17,AuXl20f5i8Ve0YCSIlmOPgX/xyU=,CaxSOhSfZthx55a3BNcG4HnUIuo=
26,-17,6i586jz2DMa95776HbArnuZzeSE=,lymzROUm6rGoG12WTs5U7fVWmI4=
21,-17,6i586jz2DMa95776HbArnuZzeSE=,DJKedQ2/JMrzM5C3ycag6qPK7tc=
18,-17,AuXl20f5i8Ve0YCSIlmOPgX/xyU=,CaxSOhSfZthx55a3BNcG4HnUIuo=
30,-18,6i586jz2DMa95776HbArnuZzeSE=,oMDhjT+a6WptTuN+pFUFdfdPpqQ=
31,-18,6i586jz2DMa95776HbArnuZzeSE=,oMDhjT+a6WptTuN+pFUFdfdPpqQ=
30,-20,6i586jz2DMa95776HbArnuZzeSE=,oMDhjT+a6WptTuN+pFUFdfdPpqQ=
31,-20,6i586jz2DMa95776HbArnuZzeSE=,oMDhjT+a6WptTuN+pFUFdfdPpqQ=
30,-19,6i586jz2DMa95776HbArnuZzeSE=,oMDhjT+a6WptTuN+pFUFdfdPpqQ=
31,-19,6i586jz2DMa95776HbArnuZzeSE=,oMDhjT+a6WptTuN+pFUFdfdPpqQ=
30,-17,6i586jz2DMa95776HbArnuZzeSE=,oMDhjT+a6WptTuN+pFUFdfdPpqQ=
31,-17,6i586jz2DMa95776HbArnuZzeSE=,oMDhjT+a6WptTuN+pFUFdfdPpqQ=
16,-20,AuXl20f5i8Ve0YCSIlmOPgX/xyU=,CaxSOhSfZthx55a3BNcG4HnUIuo=
17,-20,AuXl20f5i8Ve0YCSIlmOPgX/xyU=,CaxSOhSfZthx55a3BNcG4HnUIuo=
17,-21,O4OybUsL0BYnAVG59gtRuHtEBK4=,CiNRdlma2Uz7riCT9kFtFYYs9cA=
24,-28,O4OybUsL0BYnAVG59gtRuHtEBK4=,m4aHa3sfD6+QpI4FSDWs8d+CuEY=
25,-28,O4OybUsL0BYnAVG59gtRuHtEBK4=,m4aHa3sfD6+QpI4FSDWs8d+CuEY=
24,-24,6i586jz2DMa95776HbArnuZzeSE=,Gi+LwxEooahpR86uh9ubUlqQcrM=
25,-24,6i586jz2DMa95776HbArnuZzeSE=,Gi+LwxEooahpR86uh9ubUlqQcrM=
24,-26,O4OybUsL0BYnAVG59gtRuHtEBK4=,m4aHa3sfD6+QpI4FSDWs8d+CuEY=
25,-26,O4OybUsL0BYnAVG59gtRuHtEBK4=,m4aHa3sfD6+QpI4FSDWs8d+CuEY=
26,-26,O4OybUsL0BYnAVG59gtRuHtEBK4=,m4aHa3sfD6+QpI4FSDWs8d+CuEY=
27,-26,O4OybUsL0BYnAVG59gtRuHtEBK4=,m4aHa3sfD6+QpI4FSDWs8d+CuEY=
22,-24,6i586jz2DMa95776HbArnuZzeSE=,eXJPCp/+blaSXdjHjwY0fkGwJBI=
23,-24,6i586jz2DMa95776HbArnuZzeSE=,eXJPCp/+blaSXdjHjwY0fkGwJBI=
26,-24,6i586jz2DMa95776HbArnuZzeSE=,Gi+LwxEooahpR86uh9ubUlqQcrM=
26,-28,O4OybUsL0BYnAVG59gtRuHtEBK4=,m4aHa3sfD6+QpI4FSDWs8d+CuEY=
27,-28,O4OybUsL0BYnAVG59gtRuHtEBK4=,m4aHa3sfD6+QpI4FSDWs8d+CuEY=
27,-24,6i586jz2DMa95776HbArnuZzeSE=,Gi+LwxEooahpR86uh9ubUlqQcrM=
24,-25,O4OybUsL0BYnAVG59gtRuHtEBK4=,m4aHa3sfD6+QpI4FSDWs8d+CuEY=
25,-25,O4OybUsL0BYnAVG59gtRuHtEBK4=,m4aHa3sfD6+QpI4FSDWs8d+CuEY=
24,-27,O4OybUsL0BYnAVG59gtRuHtEBK4=,m4aHa3sfD6+QpI4FSDWs8d+CuEY=
25,-27,O4OybUsL0BYnAVG59gtRuHtEBK4=,m4aHa3sfD6+QpI4FSDWs8d+CuEY=
24,-23,6i586jz2DMa95776HbArnuZzeSE=,Gi+LwxEooahpR86uh9ubUlqQcrM=
25,-23,6i586jz2DMa95776HbArnuZzeSE=,Gi+LwxEooahpR86uh9ubUlqQcrM=
16,-19,O4OybUsL0BYnAVG59gtRuHtEBK4=,CaxSOhSfZthx55a3BNcG4HnUIuo=
16,-21,O4OybUsL0BYnAVG59gtRuHtEBK4=,CiNRdlma2Uz7riCT9kFtFYYs9cA=
27,-23,6i586jz2DMa95776HbArnuZzeSE=,Gi+LwxEooahpR86uh9ubUlqQcrM=
17,-19,O4OybUsL0BYnAVG59gtRuHtEBK4=,CaxSOhSfZthx55a3BNcG4HnUIuo=
22,-23,6i586jz2DMa95776HbArnuZzeSE=,eXJPCp/+blaSXdjHjwY0fkGwJBI=
23,-23,6i586jz2DMa95776HbArnuZzeSE=,eXJPCp/+blaSXdjHjwY0fkGwJBI=
26,-27,O4OybUsL0BYnAVG59gtRuHtEBK4=,m4aHa3sfD6+QpI4FSDWs8d+CuEY=
27,-27,O4OybUsL0BYnAVG59gtRuHtEBK4=,m4aHa3sfD6+QpI4FSDWs8d+CuEY=
26,-25,O4OybUsL0BYnAVG59gtRuHtEBK4=,m4aHa3sfD6+QpI4FSDWs8d+CuEY=
27,-25,O4OybUsL0BYnAVG59gtRuHtEBK4=,m4aHa3sfD6+QpI4FSDWs8d+CuEY=
17,-17,O4OybUsL0BYnAVG59gtRuHtEBK4=,CaxSOhSfZthx55a3BNcG4HnUIuo=
17,-22,O4OybUsL0BYnAVG59gtRuHtEBK4=,CiNRdlma2Uz7riCT9kFtFYYs9cA=
16,-22,O4OybUsL0BYnAVG59gtRuHtEBK4=,CiNRdlma2Uz7riCT9kFtFYYs9cA=
26,-23,6i586jz2DMa95776HbArnuZzeSE=,Gi+LwxEooahpR86uh9ubUlqQcrM=
17,-18,O4OybUsL0BYnAVG59gtRuHtEBK4=,CaxSOhSfZthx55a3BNcG4HnUIuo=
16,-18,O4OybUsL0BYnAVG59gtRuHtEBK4=,CaxSOhSfZthx55a3BNcG4HnUIuo=
16,-17,O4OybUsL0BYnAVG59gtRuHtEBK4=,CaxSOhSfZthx55a3BNcG4HnUIuo=
4,-30,W1RT6EJnOpN14W+O99GFtsMMpoY=,qDrpteptQQTzuHhzFKeq1S24cXI=
5,-30,W1RT6EJnOpN14W+O99GFtsMMpoY=,qDrpteptQQTzuHhzFKeq1S24cXI=
2,-28,W1RT6EJnOpN14W+O99GFtsMMpoY=,GAyBCR9A5Ck9EA9tI+PmNBJYiXE=
3,-28,W1RT6EJnOpN14W+O99GFtsMMpoY=,GAyBCR9A5Ck9EA9tI+PmNBJYiXE=
2,-27,W1RT6EJnOpN14W+O99GFtsMMpoY=,GAyBCR9A5Ck9EA9tI+PmNBJYiXE=
3,-27,W1RT6EJnOpN14W+O99GFtsMMpoY=,GAyBCR9A5Ck9EA9tI+PmNBJYiXE=
4,-29,W1RT6EJnOpN14W+O99GFtsMMpoY=,qDrpteptQQTzuHhzFKeq1S24cXI=
5,-29,W1RT6EJnOpN14W+O99GFtsMMpoY=,qDrpteptQQTzuHhzFKeq1S24cXI=
2,-30,W1RT6EJnOpN14W+O99GFtsMMpoY=,fW9zdEir7zdib06s9fL0DW+tNPA=
3,-30,W1RT6EJnOpN14W+O99GFtsMMpoY=,fW9zdEir7zdib06s9fL0DW+tNPA=
2,-29,W1RT6EJnOpN14W+O99GFtsMMpoY=,fW9zdEir7zdib06s9fL0DW+tNPA=
3,-29,W1RT6EJnOpN14W+O99GFtsMMpoY=,fW9zdEir7zdib06s9fL0DW+tNPA=
4,-24,HRdctICvTuJY+dX5i5SmhjBI6L0=,Sr7gPXpQnihbHtWj2hSV3bxpnVU=
3,-25,HRdctICvTuJY+dX5i5SmhjBI6L0=,GAyBCR9A5Ck9EA9tI+PmNBJYiXE=
5,-24,HRdctICvTuJY+dX5i5SmhjBI6L0=,Sr7gPXpQnihbHtWj2hSV3bxpnVU=
2,-24,HRdctICvTuJY+dX5i5SmhjBI6L0=,j9NYJz/ug0svzygUvySmpajeuYA=
3,-24,HRdctICvTuJY+dX5i5SmhjBI6L0=,j9NYJz/ug0svzygUvySmpajeuYA=
2,-23,HRdctICvTuJY+dX5i5SmhjBI6L0=,j9NYJz/ug0svzygUvySmpajeuYA=
3,-23,HRdctICvTuJY+dX5i5SmhjBI6L0=,j9NYJz/ug0svzygUvySmpajeuYA=
2,-26,HRdctICvTuJY+dX5i5SmhjBI6L0=,GAyBCR9A5Ck9EA9tI+PmNBJYiXE=
3,-26,HRdctICvTuJY+dX5i5SmhjBI6L0=,GAyBCR9A5Ck9EA9tI+PmNBJYiXE=
4,-23,HRdctICvTuJY+dX5i5SmhjBI6L0=,Sr7gPXpQnihbHtWj2hSV3bxpnVU=
5,-23,HRdctICvTuJY+dX5i5SmhjBI6L0=,Sr7gPXpQnihbHtWj2hSV3bxpnVU=
2,-25,HRdctICvTuJY+dX5i5SmhjBI6L0=,GAyBCR9A5Ck9EA9tI+PmNBJYiXE=
4,-20,9dViCYDK7jwBQgAtAPOkBj2YKdE=,Ns2naA0hxdXUBNDDZh9bWU7tfEI=
5,-20,9dViCYDK7jwBQgAtAPOkBj2YKdE=,Ns2naA0hxdXUBNDDZh9bWU7tfEI=
4,-22,6altbqoIWqi5u8Yh1Kdh73kg/zo=,Sr7gPXpQnihbHtWj2hSV3bxpnVU=
5,-22,6altbqoIWqi5u8Yh1Kdh73kg/zo=,Sr7gPXpQnihbHtWj2hSV3bxpnVU=
2,-20,6altbqoIWqi5u8Yh1Kdh73kg/zo=,tx5fy8A8jmF3LlTbVnb6TUfsTEs=
3,-20,6altbqoIWqi5u8Yh1Kdh73kg/zo=,tx5fy8A8jmF3LlTbVnb6TUfsTEs=
4,-21,6altbqoIWqi5u8Yh1Kdh73kg/zo=,Sr7gPXpQnihbHtWj2hSV3bxpnVU=
5,-21,6altbqoIWqi5u8Yh1Kdh73kg/zo=,Sr7gPXpQnihbHtWj2hSV3bxpnVU=
3,-21,6altbqoIWqi5u8Yh1Kdh73kg/zo=,j9NYJz/ug0svzygUvySmpajeuYA=
2,-19,6altbqoIWqi5u8Yh1Kdh73kg/zo=,tx5fy8A8jmF3LlTbVnb6TUfsTEs=
2,-21,6altbqoIWqi5u8Yh1Kdh73kg/zo=,j9NYJz/ug0svzygUvySmpajeuYA=
3,-22,6altbqoIWqi5u8Yh1Kdh73kg/zo=,j9NYJz/ug0svzygUvySmpajeuYA=
2,-22,6altbqoIWqi5u8Yh1Kdh73kg/zo=,j9NYJz/ug0svzygUvySmpajeuYA=
3,-19,6altbqoIWqi5u8Yh1Kdh73kg/zo=,tx5fy8A8jmF3LlTbVnb6TUfsTEs=
4,-19,9dViCYDK7jwBQgAtAPOkBj2YKdE=,Ns2naA0hxdXUBNDDZh9bWU7tfEI=
5,-19,9dViCYDK7jwBQgAtAPOkBj2YKdE=,Ns2naA0hxdXUBNDDZh9bWU7tfEI=
8,-24,ouKyHsINSsKIM7LKA7BEwoziLJo=,xDUh8nX0n1TN7dTRVeJg5UATRjM=
7,-23,ouKyHsINSsKIM7LKA7BEwoziLJo=,Sr7gPXpQnihbHtWj2hSV3bxpnVU=
9,-24,ouKyHsINSsKIM7LKA7BEwoziLJo=,xDUh8nX0n1TN7dTRVeJg5UATRjM=
9,-23,ouKyHsINSsKIM7LKA7BEwoziLJo=,xDUh8nX0n1TN7dTRVeJg5UATRjM=
6,-23,ouKyHsINSsKIM7LKA7BEwoziLJo=,Sr7gPXpQnihbHtWj2hSV3bxpnVU=
8,-23,ouKyHsINSsKIM7LKA7BEwoziLJo=,xDUh8nX0n1TN7dTRVeJg5UATRjM=
7,-24,ouKyHsINSsKIM7LKA7BEwoziLJo=,Sr7gPXpQnihbHtWj2hSV3bxpnVU=
6,-24,ouKyHsINSsKIM7LKA7BEwoziLJo=,Sr7gPXpQnihbHtWj2hSV3bxpnVU=
12,-24,cIUY4tcB/batAVQluZgVCIHWhjo=,6ZFxhK36bC7OWmTm8vy3GTGaPWo=
13,-24,cIUY4tcB/batAVQluZgVCIHWhjo=,6ZFxhK36bC7OWmTm8vy3GTGaPWo=
11,-23,cIUY4tcB/batAVQluZgVCIHWhjo=,xDUh8nX0n1TN7dTRVeJg5UATRjM=
11,-24,cIUY4tcB/batAVQluZgVCIHWhjo=,xDUh8nX0n1TN7dTRVeJg5UATRjM=
12,-23,cIUY4tcB/batAVQluZgVCIHWhjo=,6ZFxhK36bC7OWmTm8vy3GTGaPWo=
10,-23,cIUY4tcB/batAVQluZgVCIHWhjo=,xDUh8nX0n1TN7dTRVeJg5UATRjM=
10,-24,cIUY4tcB/batAVQluZgVCIHWhjo=,xDUh8nX0n1TN7dTRVeJg5UATRjM=
13,-23,cIUY4tcB/batAVQluZgVCIHWhjo=,6ZFxhK36bC7OWmTm8vy3GTGaPWo=
8,-20,9dViCYDK7jwBQgAtAPOkBj2YKdE=,BAHDr/C6f3ob7MaHizv5FDIbwHU=
9,-20,9dViCYDK7jwBQgAtAPOkBj2YKdE=,BAHDr/C6f3ob7MaHizv5FDIbwHU=
6,-22,y5myByCfh3cpHnMErwM4Fl5FdOE=,Sr7gPXpQnihbHtWj2hSV3bxpnVU=
7,-22,y5myByCfh3cpHnMErwM4Fl5FdOE=,Sr7gPXpQnihbHtWj2hSV3bxpnVU=
6,-20,9dViCYDK7jwBQgAtAPOkBj2YKdE=,Ns2naA0hxdXUBNDDZh9bWU7tfEI=
7,-20,9dViCYDK7jwBQgAtAPOkBj2YKdE=,Ns2naA0hxdXUBNDDZh9bWU7tfEI=
6,-21,y5myByCfh3cpHnMErwM4Fl5FdOE=,Sr7gPXpQnihbHtWj2hSV3bxpnVU=
9,-21,y5myByCfh3cpHnMErwM4Fl5FdOE=,xDUh8nX0n1TN7dTRVeJg5UATRjM=
9,-19,9dViCYDK7jwBQgAtAPOkBj2YKdE=,BAHDr/C6f3ob7MaHizv5FDIbwHU=
8,-19,9dViCYDK7jwBQgAtAPOkBj2YKdE=,BAHDr/C6f3ob7MaHizv5FDIbwHU=
7,-19,9dViCYDK7jwBQgAtAPOkBj2YKdE=,Ns2naA0hxdXUBNDDZh9bWU7tfEI=
7,-21,y5myByCfh3cpHnMErwM4Fl5FdOE=,Sr7gPXpQnihbHtWj2hSV3bxpnVU=
8,-22,y5myByCfh3cpHnMErwM4Fl5FdOE=,xDUh8nX0n1TN7dTRVeJg5UATRjM=
8,-21,y5myByCfh3cpHnMErwM4Fl5FdOE=,xDUh8nX0n1TN7dTRVeJg5UATRjM=
9,-22,y5myByCfh3cpHnMErwM4Fl5FdOE=,xDUh8nX0n1TN7dTRVeJg5UATRjM=
6,-19,9dViCYDK7jwBQgAtAPOkBj2YKdE=,Ns2naA0hxdXUBNDDZh9bWU7tfEI=
8,-18,4wp0BdXD8+/CuRkGd/s5ETHv1Gg=,BAHDr/C6f3ob7MaHizv5FDIbwHU=
7,-17,4wp0BdXD8+/CuRkGd/s5ETHv1Gg=,Ns2naA0hxdXUBNDDZh9bWU7tfEI=
6,-17,4wp0BdXD8+/CuRkGd/s5ETHv1Gg=,Ns2naA0hxdXUBNDDZh9bWU7tfEI=
8,-17,4wp0BdXD8+/CuRkGd/s5ETHv1Gg=,BAHDr/C6f3ob7MaHizv5FDIbwHU=
7,-18,4wp0BdXD8+/CuRkGd/s5ETHv1Gg=,Ns2naA0hxdXUBNDDZh9bWU7tfEI=
6,-18,4wp0BdXD8+/CuRkGd/s5ETHv1Gg=,Ns2naA0hxdXUBNDDZh9bWU7tfEI=
9,-18,4wp0BdXD8+/CuRkGd/s5ETHv1Gg=,BAHDr/C6f3ob7MaHizv5FDIbwHU=
9,-17,4wp0BdXD8+/CuRkGd/s5ETHv1Gg=,BAHDr/C6f3ob7MaHizv5FDIbwHU=
14,-24,NhVbUaT19xkgJfcqXxqpMrLmUhA=,6ZFxhK36bC7OWmTm8vy3GTGaPWo=
15,-23,NhVbUaT19xkgJfcqXxqpMrLmUhA=,6ZFxhK36bC7OWmTm8vy3GTGaPWo=
15,-24,NhVbUaT19xkgJfcqXxqpMrLmUhA=,6ZFxhK36bC7OWmTm8vy3GTGaPWo=
14,-23,NhVbUaT19xkgJfcqXxqpMrLmUhA=,6ZFxhK36bC7OWmTm8vy3GTGaPWo=
4,-18,4wp0BdXD8+/CuRkGd/s5ETHv1Gg=,Ns2naA0hxdXUBNDDZh9bWU7tfEI=
5,-18,4wp0BdXD8+/CuRkGd/s5ETHv1Gg=,Ns2naA0hxdXUBNDDZh9bWU7tfEI=
4,-17,4wp0BdXD8+/CuRkGd/s5ETHv1Gg=,Ns2naA0hxdXUBNDDZh9bWU7tfEI=
5,-17,4wp0BdXD8+/CuRkGd/s5ETHv1Gg=,Ns2naA0hxdXUBNDDZh9bWU7tfEI=
2,-18,NhVbUaT19xkgJfcqXxqpMrLmUhA=,tx5fy8A8jmF3LlTbVnb6TUfsTEs=
3,-18,NhVbUaT19xkgJfcqXxqpMrLmUhA=,tx5fy8A8jmF3LlTbVnb6TUfsTEs=
2,-17,NhVbUaT19xkgJfcqXxqpMrLmUhA=,tx5fy8A8jmF3LlTbVnb6TUfsTEs=
3,-17,NhVbUaT19xkgJfcqXxqpMrLmUhA=,tx5fy8A8jmF3LlTbVnb6TUfsTEs=
1,-29,ZlCZsp0j0RodnAhez7RTjGCox94=,fW9zdEir7zdib06s9fL0DW+tNPA=
0,-28,ZlCZsp0j0RodnAhez7RTjGCox94=,GAyBCR9A5Ck9EA9tI+PmNBJYiXE=
0,-29,ZlCZsp0j0RodnAhez7RTjGCox94=,fW9zdEir7zdib06s9fL0DW+tNPA=
1,-28,ZlCZsp0j0RodnAhez7RTjGCox94=,GAyBCR9A5Ck9EA9tI+PmNBJYiXE=
1,-25,ZlCZsp0j0RodnAhez7RTjGCox94=,GAyBCR9A5Ck9EA9tI+PmNBJYiXE=
0,-25,ZlCZsp0j0RodnAhez7RTjGCox94=,GAyBCR9A5Ck9EA9tI+PmNBJYiXE=
1,-30,ZlCZsp0j0RodnAhez7RTjGCox94=,fW9zdEir7zdib06s9fL0DW+tNPA=
0,-24,ZlCZsp0j0RodnAhez7RTjGCox94=,j9NYJz/ug0svzygUvySmpajeuYA=
1,-26,ZlCZsp0j0RodnAhez7RTjGCox94=,GAyBCR9A5Ck9EA9tI+PmNBJYiXE=
0,-30,ZlCZsp0j0RodnAhez7RTjGCox94=,fW9zdEir7zdib06s9fL0DW+tNPA=
1,-27,ZlCZsp0j0RodnAhez7RTjGCox94=,GAyBCR9A5Ck9EA9tI+PmNBJYiXE=
0,-26,ZlCZsp0j0RodnAhez7RTjGCox94=,GAyBCR9A5Ck9EA9tI+PmNBJYiXE=
1,-24,ZlCZsp0j0RodnAhez7RTjGCox94=,j9NYJz/ug0svzygUvySmpajeuYA=
0,-23,ZlCZsp0j0RodnAhez7RTjGCox94=,j9NYJz/ug0svzygUvySmpajeuYA=
1,-23,ZlCZsp0j0RodnAhez7RTjGCox94=,j9NYJz/ug0svzygUvySmpajeuYA=
0,-27,ZlCZsp0j0RodnAhez7RTjGCox94=,GAyBCR9A5Ck9EA9tI+PmNBJYiXE=
6,-30,ZlCZsp0j0RodnAhez7RTjGCox94=,qDrpteptQQTzuHhzFKeq1S24cXI=
7,-31,ZlCZsp0j0RodnAhez7RTjGCox94=,qDrpteptQQTzuHhzFKeq1S24cXI=
6,-31,ZlCZsp0j0RodnAhez7RTjGCox94=,qDrpteptQQTzuHhzFKeq1S24cXI=
7,-32,ZlCZsp0j0RodnAhez7RTjGCox94=,qDrpteptQQTzuHhzFKeq1S24cXI=
6,-32,ZlCZsp0j0RodnAhez7RTjGCox94=,qDrpteptQQTzuHhzFKeq1S24cXI=
7,-29,ZlCZsp0j0RodnAhez7RTjGCox94=,qDrpteptQQTzuHhzFKeq1S24cXI=
6,-29,ZlCZsp0j0RodnAhez7RTjGCox94=,qDrpteptQQTzuHhzFKeq1S24cXI=
7,-30,ZlCZsp0j0RodnAhez7RTjGCox94=,qDrpteptQQTzuHhzFKeq1S24cXI=
2,-32,ZlCZsp0j0RodnAhez7RTjGCox94=,fW9zdEir7zdib06s9fL0DW+tNPA=
3,-32,ZlCZsp0j0RodnAhez7RTjGCox94=,fW9zdEir7zdib06s9fL0DW+tNPA=
4,-32,ZlCZsp0j0RodnAhez7RTjGCox94=,qDrpteptQQTzuHhzFKeq1S24cXI=
5,-32,ZlCZsp0j0RodnAhez7RTjGCox94=,qDrpteptQQTzuHhzFKeq1S24cXI=
5,-31,ZlCZsp0j0RodnAhez7RTjGCox94=,qDrpteptQQTzuHhzFKeq1S24cXI=
4,-31,ZlCZsp0j0RodnAhez7RTjGCox94=,qDrpteptQQTzuHhzFKeq1S24cXI=
3,-31,ZlCZsp0j0RodnAhez7RTjGCox94=,fW9zdEir7zdib06s9fL0DW+tNPA=
2,-31,ZlCZsp0j0RodnAhez7RTjGCox94=,fW9zdEir7zdib06s9fL0DW+tNPA=
0,-32,ZlCZsp0j0RodnAhez7RTjGCox94=,fW9zdEir7zdib06s9fL0DW+tNPA=
1,-32,ZlCZsp0j0RodnAhez7RTjGCox94=,fW9zdEir7zdib06s9fL0DW+tNPA=
0,-31,ZlCZsp0j0RodnAhez7RTjGCox94=,fW9zdEir7zdib06s9fL0DW+tNPA=
1,-31,ZlCZsp0j0RodnAhez7RTjGCox94=,fW9zdEir7zdib06s9fL0DW+tNPA=
0,-20,ZlCZsp0j0RodnAhez7RTjGCox94=,tx5fy8A8jmF3LlTbVnb6TUfsTEs=
1,-20,ZlCZsp0j0RodnAhez7RTjGCox94=,tx5fy8A8jmF3LlTbVnb6TUfsTEs=
12,-19,4wp0BdXD8+/CuRkGd/s5ETHv1Gg=,6UHIQky0Nt6njvEo6suifvvlpNM=
11,-17,4wp0BdXD8+/CuRkGd/s5ETHv1Gg=,BAHDr/C6f3ob7MaHizv5FDIbwHU=
1,-17,ZlCZsp0j0RodnAhez7RTjGCox94=,tx5fy8A8jmF3LlTbVnb6TUfsTEs=
0,-19,ZlCZsp0j0RodnAhez7RTjGCox94=,tx5fy8A8jmF3LlTbVnb6TUfsTEs=
0,-17,ZlCZsp0j0RodnAhez7RTjGCox94=,tx5fy8A8jmF3LlTbVnb6TUfsTEs=
13,-19,4wp0BdXD8+/CuRkGd/s5ETHv1Gg=,6UHIQky0Nt6njvEo6suifvvlpNM=
11,-19,4wp0BdXD8+/CuRkGd/s5ETHv1Gg=,BAHDr/C6f3ob7MaHizv5FDIbwHU=
14,-17,4wp0BdXD8+/CuRkGd/s5ETHv1Gg=,6UHIQky0Nt6njvEo6suifvvlpNM=
1,-19,ZlCZsp0j0RodnAhez7RTjGCox94=,tx5fy8A8jmF3LlTbVnb6TUfsTEs=
1,-21,ZlCZsp0j0RodnAhez7RTjGCox94=,j9NYJz/ug0svzygUvySmpajeuYA=
0,-22,ZlCZsp0j0RodnAhez7RTjGCox94=,j9NYJz/ug0svzygUvySmpajeuYA=
12,-20,4wp0BdXD8+/CuRkGd/s5ETHv1Gg=,6UHIQky0Nt6njvEo6suifvvlpNM=
15,-17,4wp0BdXD8+/CuRkGd/s5ETHv1Gg=,6UHIQky0Nt6njvEo6suifvvlpNM=
0,-18,ZlCZsp0j0RodnAhez7RTjGCox94=,tx5fy8A8jmF3LlTbVnb6TUfsTEs=
1,-18,ZlCZsp0j0RodnAhez7RTjGCox94=,tx5fy8A8jmF3LlTbVnb6TUfsTEs=
10,-17,4wp0BdXD8+/CuRkGd/s5ETHv1Gg=,BAHDr/C6f3ob7MaHizv5FDIbwHU=
14,-18,4wp0BdXD8+/CuRkGd/s5ETHv1Gg=,6UHIQky0Nt6njvEo6suifvvlpNM=
13,-20,4wp0BdXD8+/CuRkGd/s5ETHv1Gg=,6UHIQky0Nt6njvEo6suifvvlpNM=
1,-22,ZlCZsp0j0RodnAhez7RTjGCox94=,j9NYJz/ug0svzygUvySmpajeuYA=
0,-21,ZlCZsp0j0RodnAhez7RTjGCox94=,j9NYJz/ug0svzygUvySmpajeuYA=
10,-19,4wp0BdXD8+/CuRkGd/s5ETHv1Gg=,BAHDr/C6f3ob7MaHizv5FDIbwHU=
15,-18,4wp0BdXD8+/CuRkGd/s5ETHv1Gg=,6UHIQky0Nt6njvEo6suifvvlpNM=
12,-17,4wp0BdXD8+/CuRkGd/s5ETHv1Gg=,6UHIQky0Nt6njvEo6suifvvlpNM=
10,-21,ZlCZsp0j0RodnAhez7RTjGCox94=,xDUh8nX0n1TN7dTRVeJg5UATRjM=
13,-17,4wp0BdXD8+/CuRkGd/s5ETHv1Gg=,6UHIQky0Nt6njvEo6suifvvlpNM=
11,-21,ZlCZsp0j0RodnAhez7RTjGCox94=,xDUh8nX0n1TN7dTRVeJg5UATRjM=
11,-22,ZlCZsp0j0RodnAhez7RTjGCox94=,xDUh8nX0n1TN7dTRVeJg5UATRjM=
10,-22,ZlCZsp0j0RodnAhez7RTjGCox94=,xDUh8nX0n1TN7dTRVeJg5UATRjM=
14,-20,4wp0BdXD8+/CuRkGd/s5ETHv1Gg=,6UHIQky0Nt6njvEo6suifvvlpNM=
15,-20,4wp0BdXD8+/CuRkGd/s5ETHv1Gg=,6UHIQky0Nt6njvEo6suifvvlpNM=
14,-21,ZlCZsp0j0RodnAhez7RTjGCox94=,6ZFxhK36bC7OWmTm8vy3GTGaPWo=
15,-21,ZlCZsp0j0RodnAhez7RTjGCox94=,6ZFxhK36bC7OWmTm8vy3GTGaPWo=
13,-21,ZlCZsp0j0RodnAhez7RTjGCox94=,6ZFxhK36bC7OWmTm8vy3GTGaPWo=
15,-19,4wp0BdXD8+/CuRkGd/s5ETHv1Gg=,6UHIQky0Nt6njvEo6suifvvlpNM=
12,-18,4wp0BdXD8+/CuRkGd/s5ETHv1Gg=,6UHIQky0Nt6njvEo6suifvvlpNM=
11,-20,4wp0BdXD8+/CuRkGd/s5ETHv1Gg=,BAHDr/C6f3ob7MaHizv5FDIbwHU=
12,-21,ZlCZsp0j0RodnAhez7RTjGCox94=,6ZFxhK36bC7OWmTm8vy3GTGaPWo=
14,-19,4wp0BdXD8+/CuRkGd/s5ETHv1Gg=,6UHIQky0Nt6njvEo6suifvvlpNM=
10,-20,4wp0BdXD8+/CuRkGd/s5ETHv1Gg=,BAHDr/C6f3ob7MaHizv5FDIbwHU=
11,-18,4wp0BdXD8+/CuRkGd/s5ETHv1Gg=,BAHDr/C6f3ob7MaHizv5FDIbwHU=
15,-22,ZlCZsp0j0RodnAhez7RTjGCox94=,6ZFxhK36bC7OWmTm8vy3GTGaPWo=
14,-22,ZlCZsp0j0RodnAhez7RTjGCox94=,6ZFxhK36bC7OWmTm8vy3GTGaPWo=
10,-18,4wp0BdXD8+/CuRkGd/s5ETHv1Gg=,BAHDr/C6f3ob7MaHizv5FDIbwHU=
12,-22,ZlCZsp0j0RodnAhez7RTjGCox94=,6ZFxhK36bC7OWmTm8vy3GTGaPWo=
13,-22,ZlCZsp0j0RodnAhez7RTjGCox94=,6ZFxhK36bC7OWmTm8vy3GTGaPWo=
13,-18,4wp0BdXD8+/CuRkGd/s5ETHv1Gg=,6UHIQky0Nt6njvEo6suifvvlpNM=
8,-10,pKGPmoi4GLC7foSYcmMzQ93/erA=,Vx4az1kwtKnAuzKYKvmfDjz2dUk=
9,-10,pKGPmoi4GLC7foSYcmMzQ93/erA=,Vx4az1kwtKnAuzKYKvmfDjz2dUk=
6,-10,zu94IxsmqK/s7jJARb23gfBRz20=,RtUKQnA+cUn1NpBDM4AuOWu2hZo=
6,-7,mJebFN3UXXgnVQe2h5PpzZkRw7U=,LttkbUQudK2fMLEUvtxr6jpkuCE=
7,-7,mJebFN3UXXgnVQe2h5PpzZkRw7U=,LttkbUQudK2fMLEUvtxr6jpkuCE=
7,-10,zu94IxsmqK/s7jJARb23gfBRz20=,RtUKQnA+cUn1NpBDM4AuOWu2hZo=
9,-7,pKGPmoi4GLC7foSYcmMzQ93/erA=,ovkO0cgLv+jDrGy53RN0H3Z6evs=
8,-7,pKGPmoi4GLC7foSYcmMzQ93/erA=,ovkO0cgLv+jDrGy53RN0H3Z6evs=
8,-8,pKGPmoi4GLC7foSYcmMzQ93/erA=,ovkO0cgLv+jDrGy53RN0H3Z6evs=
6,-8,mJebFN3UXXgnVQe2h5PpzZkRw7U=,LttkbUQudK2fMLEUvtxr6jpkuCE=
9,-8,pKGPmoi4GLC7foSYcmMzQ93/erA=,ovkO0cgLv+jDrGy53RN0H3Z6evs=
7,-8,mJebFN3UXXgnVQe2h5PpzZkRw7U=,LttkbUQudK2fMLEUvtxr6jpkuCE=
9,-9,nW9fuxdsoPiyh+N1Ed6D/dmZ1hk=,Vx4az1kwtKnAuzKYKvmfDjz2dUk=
6,-9,zu94IxsmqK/s7jJARb23gfBRz20=,RtUKQnA+cUn1NpBDM4AuOWu2hZo=
7,-9,zu94IxsmqK/s7jJARb23gfBRz20=,RtUKQnA+cUn1NpBDM4AuOWu2hZo=
8,-9,pKGPmoi4GLC7foSYcmMzQ93/erA=,Vx4az1kwtKnAuzKYKvmfDjz2dUk=
4,-8,mJebFN3UXXgnVQe2h5PpzZkRw7U=,LttkbUQudK2fMLEUvtxr6jpkuCE=
5,-8,mJebFN3UXXgnVQe2h5PpzZkRw7U=,LttkbUQudK2fMLEUvtxr6jpkuCE=
4,-10,u8Ey5SJLHgz/1NadX75rDtHSfaI=,RtUKQnA+cUn1NpBDM4AuOWu2hZo=
5,-10,u8Ey5SJLHgz/1NadX75rDtHSfaI=,RtUKQnA+cUn1NpBDM4AuOWu2hZo=
4,-9,zu94IxsmqK/s7jJARb23gfBRz20=,RtUKQnA+cUn1NpBDM4AuOWu2hZo=
3,-9,IzSleAoVHndPkgde3deX7IgYGiA=,ORiqAw6vX69ruqsKip+NVSQf3wA=
2,-9,IzSleAoVHndPkgde3deX7IgYGiA=,ORiqAw6vX69ruqsKip+NVSQf3wA=
5,-9,zu94IxsmqK/s7jJARb23gfBRz20=,RtUKQnA+cUn1NpBDM4AuOWu2hZo=
3,-10,IzSleAoVHndPkgde3deX7IgYGiA=,ORiqAw6vX69ruqsKip+NVSQf3wA=
2,-8,mJebFN3UXXgnVQe2h5PpzZkRw7U=,3kCbYc0lSGqPchuHCxIrh9iAd7g=
5,-7,mJebFN3UXXgnVQe2h5PpzZkRw7U=,LttkbUQudK2fMLEUvtxr6jpkuCE=
2,-10,IzSleAoVHndPkgde3deX7IgYGiA=,ORiqAw6vX69ruqsKip+NVSQf3wA=
3,-7,mJebFN3UXXgnVQe2h5PpzZkRw7U=,3kCbYc0lSGqPchuHCxIrh9iAd7g=
2,-7,mJebFN3UXXgnVQe2h5PpzZkRw7U=,3kCbYc0lSGqPchuHCxIrh9iAd7g=
3,-8,mJebFN3UXXgnVQe2h5PpzZkRw7U=,3kCbYc0lSGqPchuHCxIrh9iAd7g=
4,-7,mJebFN3UXXgnVQe2h5PpzZkRw7U=,LttkbUQudK2fMLEUvtxr6jpkuCE=
12,-9,nW9fuxdsoPiyh+N1Ed6D/dmZ1hk=,OMDrBC1uJrIgFqTWDh17CybiqPw=
11,-7,pKGPmoi4GLC7foSYcmMzQ93/erA=,ovkO0cgLv+jDrGy53RN0H3Z6evs=
10,-7,pKGPmoi4GLC7foSYcmMzQ93/erA=,ovkO0cgLv+jDrGy53RN0H3Z6evs=
13,-9,nW9fuxdsoPiyh+N1Ed6D/dmZ1hk=,OMDrBC1uJrIgFqTWDh17CybiqPw=
13,-8,nW9fuxdsoPiyh+N1Ed6D/dmZ1hk=,t05eQpAzAxPSbfa1SzvwV+8KZ7c=
10,-10,pKGPmoi4GLC7foSYcmMzQ93/erA=,Vx4az1kwtKnAuzKYKvmfDjz2dUk=
11,-8,nW9fuxdsoPiyh+N1Ed6D/dmZ1hk=,ovkO0cgLv+jDrGy53RN0H3Z6evs=
11,-10,pKGPmoi4GLC7foSYcmMzQ93/erA=,Vx4az1kwtKnAuzKYKvmfDjz2dUk=
12,-8,nW9fuxdsoPiyh+N1Ed6D/dmZ1hk=,t05eQpAzAxPSbfa1SzvwV+8KZ7c=
10,-8,nW9fuxdsoPiyh+N1Ed6D/dmZ1hk=,ovkO0cgLv+jDrGy53RN0H3Z6evs=
12,-7,pKGPmoi4GLC7foSYcmMzQ93/erA=,t05eQpAzAxPSbfa1SzvwV+8KZ7c=
13,-10,pKGPmoi4GLC7foSYcmMzQ93/erA=,OMDrBC1uJrIgFqTWDh17CybiqPw=
12,-10,pKGPmoi4GLC7foSYcmMzQ93/erA=,OMDrBC1uJrIgFqTWDh17CybiqPw=
13,-7,pKGPmoi4GLC7foSYcmMzQ93/erA=,t05eQpAzAxPSbfa1SzvwV+8KZ7c=
11,-9,nW9fuxdsoPiyh+N1Ed6D/dmZ1hk=,Vx4az1kwtKnAuzKYKvmfDjz2dUk=
10,-9,nW9fuxdsoPiyh+N1Ed6D/dmZ1hk=,Vx4az1kwtKnAuzKYKvmfDjz2dUk=
8,-4,+A3hnPx+eqml688Fuvq26gC9ltY=,uf5I8ciqAtfqyDWl2dgrEarQHZA=
6,-5,npxTWuM5TR4GuzO1jFP5NATwrcg=,LttkbUQudK2fMLEUvtxr6jpkuCE=
7,-5,npxTWuM5TR4GuzO1jFP5NATwrcg=,LttkbUQudK2fMLEUvtxr6jpkuCE=
9,-4,+A3hnPx+eqml688Fuvq26gC9ltY=,uf5I8ciqAtfqyDWl2dgrEarQHZA=
7,-6,npxTWuM5TR4GuzO1jFP5NATwrcg=,LttkbUQudK2fMLEUvtxr6jpkuCE=
6,-6,npxTWuM5TR4GuzO1jFP5NATwrcg=,LttkbUQudK2fMLEUvtxr6jpkuCE=
6,-3,Ryu9Xz2uiASqPk61A0dOCI9/0ss=,fjpSxrDQ26xHmjWLWWI0IzmGUXA=
7,-3,Ryu9Xz2uiASqPk61A0dOCI9/0ss=,fjpSxrDQ26xHmjWLWWI0IzmGUXA=
8,-6,UqkqHdOpXJRP0ay3t47AwfkwnAc=,ovkO0cgLv+jDrGy53RN0H3Z6evs=
9,-6,UqkqHdOpXJRP0ay3t47AwfkwnAc=,ovkO0cgLv+jDrGy53RN0H3Z6evs=
8,-3,+A3hnPx+eqml688Fuvq26gC9ltY=,uf5I8ciqAtfqyDWl2dgrEarQHZA=
9,-3,+A3hnPx+eqml688Fuvq26gC9ltY=,uf5I8ciqAtfqyDWl2dgrEarQHZA=
6,-4,Ryu9Xz2uiASqPk61A0dOCI9/0ss=,fjpSxrDQ26xHmjWLWWI0IzmGUXA=
7,-4,Ryu9Xz2uiASqPk61A0dOCI9/0ss=,fjpSxrDQ26xHmjWLWWI0IzmGUXA=
8,-5,UqkqHdOpXJRP0ay3t47AwfkwnAc=,ovkO0cgLv+jDrGy53RN0H3Z6evs=
9,-5,UqkqHdOpXJRP0ay3t47AwfkwnAc=,ovkO0cgLv+jDrGy53RN0H3Z6evs=
5,-5,IhPmr8oPXfBrMM9RPHDuFfSVUik=,LttkbUQudK2fMLEUvtxr6jpkuCE=
4,-3,Ryu9Xz2uiASqPk61A0dOCI9/0ss=,fjpSxrDQ26xHmjWLWWI0IzmGUXA=
4,-5,IhPmr8oPXfBrMM9RPHDuFfSVUik=,LttkbUQudK2fMLEUvtxr6jpkuCE=
5,-3,Ryu9Xz2uiASqPk61A0dOCI9/0ss=,fjpSxrDQ26xHmjWLWWI0IzmGUXA=
2,-4,PxGR0gB0wigWUtFp88+MtyP9tBo=,JzAhgzxfC+y2ZUshUdSX6wykRG8=
3,-5,Hxw029YaxTM5P798tmUeHMq9d0s=,3kCbYc0lSGqPchuHCxIrh9iAd7g=
2,-5,Hxw029YaxTM5P798tmUeHMq9d0s=,3kCbYc0lSGqPchuHCxIrh9iAd7g=
3,-4,PxGR0gB0wigWUtFp88+MtyP9tBo=,JzAhgzxfC+y2ZUshUdSX6wykRG8=
2,-3,PxGR0gB0wigWUtFp88+MtyP9tBo=,JzAhgzxfC+y2ZUshUdSX6wykRG8=
3,-3,PxGR0gB0wigWUtFp88+MtyP9tBo=,JzAhgzxfC+y2ZUshUdSX6wykRG8=
4,-4,Ryu9Xz2uiASqPk61A0dOCI9/0ss=,fjpSxrDQ26xHmjWLWWI0IzmGUXA=
5,-6,IhPmr8oPXfBrMM9RPHDuFfSVUik=,LttkbUQudK2fMLEUvtxr6jpkuCE=
5,-4,Ryu9Xz2uiASqPk61A0dOCI9/0ss=,fjpSxrDQ26xHmjWLWWI0IzmGUXA=
3,-6,IhPmr8oPXfBrMM9RPHDuFfSVUik=,3kCbYc0lSGqPchuHCxIrh9iAd7g=
2,-6,IhPmr8oPXfBrMM9RPHDuFfSVUik=,3kCbYc0lSGqPchuHCxIrh9iAd7g=
4,-6,IhPmr8oPXfBrMM9RPHDuFfSVUik=,LttkbUQudK2fMLEUvtxr6jpkuCE=
11,-3,Cv0gQHyRjDbUC3EF7hOMdDnPc5k=,uf5I8ciqAtfqyDWl2dgrEarQHZA=
12,-4,mWTqyU2cLKaVywYyz27VMLMfOBY=,3txoXv+1871MPMuWrREj0si8u4k=
10,-3,Cv0gQHyRjDbUC3EF7hOMdDnPc5k=,uf5I8ciqAtfqyDWl2dgrEarQHZA=
13,-4,mWTqyU2cLKaVywYyz27VMLMfOBY=,3txoXv+1871MPMuWrREj0si8u4k=
11,-5,jo2UmjSpVd3H4pQYHBhlQzmbUAQ=,ovkO0cgLv+jDrGy53RN0H3Z6evs=
12,-3,mWTqyU2cLKaVywYyz27VMLMfOBY=,3txoXv+1871MPMuWrREj0si8u4k=
13,-3,mWTqyU2cLKaVywYyz27VMLMfOBY=,3txoXv+1871MPMuWrREj0si8u4k=
10,-5,jo2UmjSpVd3H4pQYHBhlQzmbUAQ=,ovkO0cgLv+jDrGy53RN0H3Z6evs=
11,-6,jo2UmjSpVd3H4pQYHBhlQzmbUAQ=,ovkO0cgLv+jDrGy53RN0H3Z6evs=
13,-6,jo2UmjSpVd3H4pQYHBhlQzmbUAQ=,t05eQpAzAxPSbfa1SzvwV+8KZ7c=
12,-6,DjvqEYeD/UI9+T6I61W6sqdjigw=,t05eQpAzAxPSbfa1SzvwV+8KZ7c=
11,-4,Cv0gQHyRjDbUC3EF7hOMdDnPc5k=,uf5I8ciqAtfqyDWl2dgrEarQHZA=
10,-6,jo2UmjSpVd3H4pQYHBhlQzmbUAQ=,ovkO0cgLv+jDrGy53RN0H3Z6evs=
10,-4,Cv0gQHyRjDbUC3EF7hOMdDnPc5k=,uf5I8ciqAtfqyDWl2dgrEarQHZA=
13,-5,jo2UmjSpVd3H4pQYHBhlQzmbUAQ=,t05eQpAzAxPSbfa1SzvwV+8KZ7c=
12,-5,jo2UmjSpVd3H4pQYHBhlQzmbUAQ=,t05eQpAzAxPSbfa1SzvwV+8KZ7c=
8,-2,CqwSjzmPgGUz9vz8OZz5zsG5V9s=,uf5I8ciqAtfqyDWl2dgrEarQHZA=
7,-1,Ryu9Xz2uiASqPk61A0dOCI9/0ss=,fjpSxrDQ26xHmjWLWWI0IzmGUXA=
6,-1,Ryu9Xz2uiASqPk61A0dOCI9/0ss=,fjpSxrDQ26xHmjWLWWI0IzmGUXA=
9,-1,CqwSjzmPgGUz9vz8OZz5zsG5V9s=,uf5I8ciqAtfqyDWl2dgrEarQHZA=
9,-2,CqwSjzmPgGUz9vz8OZz5zsG5V9s=,uf5I8ciqAtfqyDWl2dgrEarQHZA=
8,-1,CqwSjzmPgGUz9vz8OZz5zsG5V9s=,uf5I8ciqAtfqyDWl2dgrEarQHZA=
7,-2,Ryu9Xz2uiASqPk61A0dOCI9/0ss=,fjpSxrDQ26xHmjWLWWI0IzmGUXA=
6,-2,Ryu9Xz2uiASqPk61A0dOCI9/0ss=,fjpSxrDQ26xHmjWLWWI0IzmGUXA=
12,-1,mWTqyU2cLKaVywYyz27VMLMfOBY=,3txoXv+1871MPMuWrREj0si8u4k=
13,-1,mWTqyU2cLKaVywYyz27VMLMfOBY=,3txoXv+1871MPMuWrREj0si8u4k=
10,-1,9cuI9a+wlla+5nCqZo4/QzvKhos=,uf5I8ciqAtfqyDWl2dgrEarQHZA=
11,-1,9cuI9a+wlla+5nCqZo4/QzvKhos=,uf5I8ciqAtfqyDWl2dgrEarQHZA=
13,-2,mWTqyU2cLKaVywYyz27VMLMfOBY=,3txoXv+1871MPMuWrREj0si8u4k=
10,-2,9cuI9a+wlla+5nCqZo4/QzvKhos=,uf5I8ciqAtfqyDWl2dgrEarQHZA=
12,-2,mWTqyU2cLKaVywYyz27VMLMfOBY=,3txoXv+1871MPMuWrREj0si8u4k=
11,-2,9cuI9a+wlla+5nCqZo4/QzvKhos=,uf5I8ciqAtfqyDWl2dgrEarQHZA=
14,-5,pKGPmoi4GLC7foSYcmMzQ93/erA=,t05eQpAzAxPSbfa1SzvwV+8KZ7c=
14,-6,pKGPmoi4GLC7foSYcmMzQ93/erA=,t05eQpAzAxPSbfa1SzvwV+8KZ7c=
15,-6,pKGPmoi4GLC7foSYcmMzQ93/erA=,t05eQpAzAxPSbfa1SzvwV+8KZ7c=
15,-4,mWTqyU2cLKaVywYyz27VMLMfOBY=,3txoXv+1871MPMuWrREj0si8u4k=
15,-5,pKGPmoi4GLC7foSYcmMzQ93/erA=,t05eQpAzAxPSbfa1SzvwV+8KZ7c=
14,-4,mWTqyU2cLKaVywYyz27VMLMfOBY=,3txoXv+1871MPMuWrREj0si8u4k=
14,-3,mWTqyU2cLKaVywYyz27VMLMfOBY=,3txoXv+1871MPMuWrREj0si8u4k=
15,-3,mWTqyU2cLKaVywYyz27VMLMfOBY=,3txoXv+1871MPMuWrREj0si8u4k=
15,-8,nW9fuxdsoPiyh+N1Ed6D/dmZ1hk=,t05eQpAzAxPSbfa1SzvwV+8KZ7c=
14,-8,nW9fuxdsoPiyh+N1Ed6D/dmZ1hk=,t05eQpAzAxPSbfa1SzvwV+8KZ7c=
14,-9,nW9fuxdsoPiyh+N1Ed6D/dmZ1hk=,OMDrBC1uJrIgFqTWDh17CybiqPw=
15,-10,nW9fuxdsoPiyh+N1Ed6D/dmZ1hk=,OMDrBC1uJrIgFqTWDh17CybiqPw=
15,-9,nW9fuxdsoPiyh+N1Ed6D/dmZ1hk=,OMDrBC1uJrIgFqTWDh17CybiqPw=
14,-10,nW9fuxdsoPiyh+N1Ed6D/dmZ1hk=,OMDrBC1uJrIgFqTWDh17CybiqPw=
15,-7,nW9fuxdsoPiyh+N1Ed6D/dmZ1hk=,t05eQpAzAxPSbfa1SzvwV+8KZ7c=
14,-7,nW9fuxdsoPiyh+N1Ed6D/dmZ1hk=,t05eQpAzAxPSbfa1SzvwV+8KZ7c=
2,-13,IzSleAoVHndPkgde3deX7IgYGiA=,DZc6jzFaqHDiHxd8Bg2Qyvyflxc=
3,-13,IzSleAoVHndPkgde3deX7IgYGiA=,DZc6jzFaqHDiHxd8Bg2Qyvyflxc=
4,-14,55UgxiroRgtc5QL34WCyFOeucUc=,ZRMiVjZuPyKdpyaqBBViBBTm/BQ=
5,-11,xjnzGHqpf8BMzB5iAXIyBJKLyRs=,RtUKQnA+cUn1NpBDM4AuOWu2hZo=
4,-11,cu7GFNprseitxNsy3vhtcWdTwGk=,RtUKQnA+cUn1NpBDM4AuOWu2hZo=
3,-11,IzSleAoVHndPkgde3deX7IgYGiA=,ORiqAw6vX69ruqsKip+NVSQf3wA=
5,-14,55UgxiroRgtc5QL34WCyFOeucUc=,ZRMiVjZuPyKdpyaqBBViBBTm/BQ=
3,-12,IzSleAoVHndPkgde3deX7IgYGiA=,ORiqAw6vX69ruqsKip+NVSQf3wA=
2,-11,IzSleAoVHndPkgde3deX7IgYGiA=,ORiqAw6vX69ruqsKip+NVSQf3wA=
2,-12,IzSleAoVHndPkgde3deX7IgYGiA=,ORiqAw6vX69ruqsKip+NVSQf3wA=
4,-13,55UgxiroRgtc5QL34WCyFOeucUc=,ZRMiVjZuPyKdpyaqBBViBBTm/BQ=
4,-12,xjnzGHqpf8BMzB5iAXIyBJKLyRs=,RtUKQnA+cUn1NpBDM4AuOWu2hZo=
5,-12,cu7GFNprseitxNsy3vhtcWdTwGk=,RtUKQnA+cUn1NpBDM4AuOWu2hZo=
2,-14,IzSleAoVHndPkgde3deX7IgYGiA=,DZc6jzFaqHDiHxd8Bg2Qyvyflxc=
5,-13,55UgxiroRgtc5QL34WCyFOeucUc=,ZRMiVjZuPyKdpyaqBBViBBTm/BQ=
3,-14,IzSleAoVHndPkgde3deX7IgYGiA=,DZc6jzFaqHDiHxd8Bg2Qyvyflxc=
11,-11,pKGPmoi4GLC7foSYcmMzQ93/erA=,Vx4az1kwtKnAuzKYKvmfDjz2dUk=
10,-11,pKGPmoi4GLC7foSYcmMzQ93/erA=,Vx4az1kwtKnAuzKYKvmfDjz2dUk=
8,-14,UnJkEo14dbM9jJktznFYEr/r9sY=,SvVNla2akyqaolssgJQxf3C/Uh8=
14,-11,af+dxPmtuUJvdsBQhWX5YM0FiCY=,OMDrBC1uJrIgFqTWDh17CybiqPw=
9,-14,UnJkEo14dbM9jJktznFYEr/r9sY=,SvVNla2akyqaolssgJQxf3C/Uh8=
15,-11,af+dxPmtuUJvdsBQhWX5YM0FiCY=,OMDrBC1uJrIgFqTWDh17CybiqPw=
9,-11,pKGPmoi4GLC7foSYcmMzQ93/erA=,Vx4az1kwtKnAuzKYKvmfDjz2dUk=
14,-14,WBC3x25RgIFVa1IrAVoqNemSLJ0=,GmJtjo8Q/QE7TKlzKB/DsoJR1sI=
10,-14,kuCpI8ILi145Uhl7Q5DymtaDSik=,SvVNla2akyqaolssgJQxf3C/Uh8=
15,-14,WBC3x25RgIFVa1IrAVoqNemSLJ0=,GmJtjo8Q/QE7TKlzKB/DsoJR1sI=
8,-11,nW9fuxdsoPiyh+N1Ed6D/dmZ1hk=,Vx4az1kwtKnAuzKYKvmfDjz2dUk=
14,-13,WBC3x25RgIFVa1IrAVoqNemSLJ0=,GmJtjo8Q/QE7TKlzKB/DsoJR1sI=
11,-14,kuCpI8ILi145Uhl7Q5DymtaDSik=,SvVNla2akyqaolssgJQxf3C/Uh8=
15,-12,af+dxPmtuUJvdsBQhWX5YM0FiCY=,OMDrBC1uJrIgFqTWDh17CybiqPw=
15,-13,WBC3x25RgIFVa1IrAVoqNemSLJ0=,GmJtjo8Q/QE7TKlzKB/DsoJR1sI=
12,-11,nW9fuxdsoPiyh+N1Ed6D/dmZ1hk=,OMDrBC1uJrIgFqTWDh17CybiqPw=
14,-12,af+dxPmtuUJvdsBQhWX5YM0FiCY=,OMDrBC1uJrIgFqTWDh17CybiqPw=
13,-11,nW9fuxdsoPiyh+N1Ed6D/dmZ1hk=,OMDrBC1uJrIgFqTWDh17CybiqPw=
6,-14,ug4uN6p8QBF42htqjUqZEPmvAuU=,ZRMiVjZuPyKdpyaqBBViBBTm/BQ=
9,-15,DbR44fCK1TbzslbGS5Ppssw70X4=,SvVNla2akyqaolssgJQxf3C/Uh8=
8,-15,DbR44fCK1TbzslbGS5Ppssw70X4=,SvVNla2akyqaolssgJQxf3C/Uh8=
7,-14,ug4uN6p8QBF42htqjUqZEPmvAuU=,ZRMiVjZuPyKdpyaqBBViBBTm/BQ=
12,-14,kuCpI8ILi145Uhl7Q5DymtaDSik=,GmJtjo8Q/QE7TKlzKB/DsoJR1sI=
13,-14,kuCpI8ILi145Uhl7Q5DymtaDSik=,GmJtjo8Q/QE7TKlzKB/DsoJR1sI=
12,-16,DbR44fCK1TbzslbGS5Ppssw70X4=,GmJtjo8Q/QE7TKlzKB/DsoJR1sI=
8,-13,UnJkEo14dbM9jJktznFYEr/r9sY=,SvVNla2akyqaolssgJQxf3C/Uh8=
13,-16,DbR44fCK1TbzslbGS5Ppssw70X4=,GmJtjo8Q/QE7TKlzKB/DsoJR1sI=
9,-13,UnJkEo14dbM9jJktznFYEr/r9sY=,SvVNla2akyqaolssgJQxf3C/Uh8=
12,-15,DbR44fCK1TbzslbGS5Ppssw70X4=,GmJtjo8Q/QE7TKlzKB/DsoJR1sI=
8,-16,DbR44fCK1TbzslbGS5Ppssw70X4=,SvVNla2akyqaolssgJQxf3C/Uh8=
13,-15,DbR44fCK1TbzslbGS5Ppssw70X4=,GmJtjo8Q/QE7TKlzKB/DsoJR1sI=
9,-16,DbR44fCK1TbzslbGS5Ppssw70X4=,SvVNla2akyqaolssgJQxf3C/Uh8=
7,-11,xjnzGHqpf8BMzB5iAXIyBJKLyRs=,RtUKQnA+cUn1NpBDM4AuOWu2hZo=
10,-16,DbR44fCK1TbzslbGS5Ppssw70X4=,SvVNla2akyqaolssgJQxf3C/Uh8=
6,-13,ug4uN6p8QBF42htqjUqZEPmvAuU=,ZRMiVjZuPyKdpyaqBBViBBTm/BQ=
11,-16,DbR44fCK1TbzslbGS5Ppssw70X4=,SvVNla2akyqaolssgJQxf3C/Uh8=
14,-16,DbR44fCK1TbzslbGS5Ppssw70X4=,GmJtjo8Q/QE7TKlzKB/DsoJR1sI=
7,-13,ug4uN6p8QBF42htqjUqZEPmvAuU=,ZRMiVjZuPyKdpyaqBBViBBTm/BQ=
6,-16,ug4uN6p8QBF42htqjUqZEPmvAuU=,ZRMiVjZuPyKdpyaqBBViBBTm/BQ=
15,-16,DbR44fCK1TbzslbGS5Ppssw70X4=,GmJtjo8Q/QE7TKlzKB/DsoJR1sI=
7,-16,ug4uN6p8QBF42htqjUqZEPmvAuU=,ZRMiVjZuPyKdpyaqBBViBBTm/BQ=
14,-15,DbR44fCK1TbzslbGS5Ppssw70X4=,GmJtjo8Q/QE7TKlzKB/DsoJR1sI=
10,-13,kuCpI8ILi145Uhl7Q5DymtaDSik=,SvVNla2akyqaolssgJQxf3C/Uh8=
10,-15,DbR44fCK1TbzslbGS5Ppssw70X4=,SvVNla2akyqaolssgJQxf3C/Uh8=
11,-15,DbR44fCK1TbzslbGS5Ppssw70X4=,SvVNla2akyqaolssgJQxf3C/Uh8=
12,-13,kuCpI8ILi145Uhl7Q5DymtaDSik=,GmJtjo8Q/QE7TKlzKB/DsoJR1sI=
15,-15,DbR44fCK1TbzslbGS5Ppssw70X4=,GmJtjo8Q/QE7TKlzKB/DsoJR1sI=
11,-13,kuCpI8ILi145Uhl7Q5DymtaDSik=,SvVNla2akyqaolssgJQxf3C/Uh8=
13,-13,kuCpI8ILi145Uhl7Q5DymtaDSik=,GmJtjo8Q/QE7TKlzKB/DsoJR1sI=
8,-12,pKGPmoi4GLC7foSYcmMzQ93/erA=,Vx4az1kwtKnAuzKYKvmfDjz2dUk=
9,-12,pKGPmoi4GLC7foSYcmMzQ93/erA=,Vx4az1kwtKnAuzKYKvmfDjz2dUk=
6,-12,xjnzGHqpf8BMzB5iAXIyBJKLyRs=,RtUKQnA+cUn1NpBDM4AuOWu2hZo=
6,-11,xjnzGHqpf8BMzB5iAXIyBJKLyRs=,RtUKQnA+cUn1NpBDM4AuOWu2hZo=
7,-15,Gt0qsq3+HhHBZTmxjYzjbHEOhxs=,ZRMiVjZuPyKdpyaqBBViBBTm/BQ=
7,-12,xjnzGHqpf8BMzB5iAXIyBJKLyRs=,RtUKQnA+cUn1NpBDM4AuOWu2hZo=
12,-12,pKGPmoi4GLC7foSYcmMzQ93/erA=,OMDrBC1uJrIgFqTWDh17CybiqPw=
13,-12,pKGPmoi4GLC7foSYcmMzQ93/erA=,OMDrBC1uJrIgFqTWDh17CybiqPw=
10,-12,pKGPmoi4GLC7foSYcmMzQ93/erA=,Vx4az1kwtKnAuzKYKvmfDjz2dUk=
11,-12,pKGPmoi4GLC7foSYcmMzQ93/erA=,Vx4az1kwtKnAuzKYKvmfDjz2dUk=
6,-15,Gt0qsq3+HhHBZTmxjYzjbHEOhxs=,ZRMiVjZuPyKdpyaqBBViBBTm/BQ=
4,-2,Ryu9Xz2uiASqPk61A0dOCI9/0ss=,fjpSxrDQ26xHmjWLWWI0IzmGUXA=
3,-1,PxGR0gB0wigWUtFp88+MtyP9tBo=,JzAhgzxfC+y2ZUshUdSX6wykRG8=
5,-2,Ryu9Xz2uiASqPk61A0dOCI9/0ss=,fjpSxrDQ26xHmjWLWWI0IzmGUXA=
5,-1,Ryu9Xz2uiASqPk61A0dOCI9/0ss=,fjpSxrDQ26xHmjWLWWI0IzmGUXA=
2,-1,PxGR0gB0wigWUtFp88+MtyP9tBo=,JzAhgzxfC+y2ZUshUdSX6wykRG8=
4,-1,Ryu9Xz2uiASqPk61A0dOCI9/0ss=,fjpSxrDQ26xHmjWLWWI0IzmGUXA=
2,-2,PxGR0gB0wigWUtFp88+MtyP9tBo=,JzAhgzxfC+y2ZUshUdSX6wykRG8=
3,-2,PxGR0gB0wigWUtFp88+MtyP9tBo=,JzAhgzxfC+y2ZUshUdSX6wykRG8=
2,-16,af+dxPmtuUJvdsBQhWX5YM0FiCY=,DZc6jzFaqHDiHxd8Bg2Qyvyflxc=
3,-16,af+dxPmtuUJvdsBQhWX5YM0FiCY=,DZc6jzFaqHDiHxd8Bg2Qyvyflxc=
2,-15,af+dxPmtuUJvdsBQhWX5YM0FiCY=,DZc6jzFaqHDiHxd8Bg2Qyvyflxc=
3,-15,af+dxPmtuUJvdsBQhWX5YM0FiCY=,DZc6jzFaqHDiHxd8Bg2Qyvyflxc=
5,-15,ug4uN6p8QBF42htqjUqZEPmvAuU=,ZRMiVjZuPyKdpyaqBBViBBTm/BQ=
4,-16,ug4uN6p8QBF42htqjUqZEPmvAuU=,ZRMiVjZuPyKdpyaqBBViBBTm/BQ=
5,-16,ug4uN6p8QBF42htqjUqZEPmvAuU=,ZRMiVjZuPyKdpyaqBBViBBTm/BQ=
4,-15,ug4uN6p8QBF42htqjUqZEPmvAuU=,ZRMiVjZuPyKdpyaqBBViBBTm/BQ=
1,-5,U+ENaWbAJux0oZchNBCnQq0QhdM=,3kCbYc0lSGqPchuHCxIrh9iAd7g=
0,-4,PxGR0gB0wigWUtFp88+MtyP9tBo=,JzAhgzxfC+y2ZUshUdSX6wykRG8=
0,-16,af+dxPmtuUJvdsBQhWX5YM0FiCY=,DZc6jzFaqHDiHxd8Bg2Qyvyflxc=
1,-16,af+dxPmtuUJvdsBQhWX5YM0FiCY=,DZc6jzFaqHDiHxd8Bg2Qyvyflxc=
0,-15,af+dxPmtuUJvdsBQhWX5YM0FiCY=,DZc6jzFaqHDiHxd8Bg2Qyvyflxc=
1,-4,PxGR0gB0wigWUtFp88+MtyP9tBo=,JzAhgzxfC+y2ZUshUdSX6wykRG8=
1,-15,af+dxPmtuUJvdsBQhWX5YM0FiCY=,DZc6jzFaqHDiHxd8Bg2Qyvyflxc=
0,-5,U+ENaWbAJux0oZchNBCnQq0QhdM=,3kCbYc0lSGqPchuHCxIrh9iAd7g=
0,-3,PxGR0gB0wigWUtFp88+MtyP9tBo=,JzAhgzxfC+y2ZUshUdSX6wykRG8=
0,-6,U+ENaWbAJux0oZchNBCnQq0QhdM=,3kCbYc0lSGqPchuHCxIrh9iAd7g=
1,-6,U+ENaWbAJux0oZchNBCnQq0QhdM=,3kCbYc0lSGqPchuHCxIrh9iAd7g=
1,-3,PxGR0gB0wigWUtFp88+MtyP9tBo=,JzAhgzxfC+y2ZUshUdSX6wykRG8=
0,-8,mJebFN3UXXgnVQe2h5PpzZkRw7U=,3kCbYc0lSGqPchuHCxIrh9iAd7g=
0,-9,af+dxPmtuUJvdsBQhWX5YM0FiCY=,ORiqAw6vX69ruqsKip+NVSQf3wA=
1,-8,mJebFN3UXXgnVQe2h5PpzZkRw7U=,3kCbYc0lSGqPchuHCxIrh9iAd7g=
1,-9,af+dxPmtuUJvdsBQhWX5YM0FiCY=,ORiqAw6vX69ruqsKip+NVSQf3wA=
0,-12,af+dxPmtuUJvdsBQhWX5YM0FiCY=,ORiqAw6vX69ruqsKip+NVSQf3wA=
1,-12,af+dxPmtuUJvdsBQhWX5YM0FiCY=,ORiqAw6vX69ruqsKip+NVSQf3wA=
1,-10,af+dxPmtuUJvdsBQhWX5YM0FiCY=,ORiqAw6vX69ruqsKip+NVSQf3wA=
1,-13,af+dxPmtuUJvdsBQhWX5YM0FiCY=,DZc6jzFaqHDiHxd8Bg2Qyvyflxc=
0,-7,mJebFN3UXXgnVQe2h5PpzZkRw7U=,3kCbYc0lSGqPchuHCxIrh9iAd7g=
0,-13,af+dxPmtuUJvdsBQhWX5YM0FiCY=,DZc6jzFaqHDiHxd8Bg2Qyvyflxc=
0,-10,af+dxPmtuUJvdsBQhWX5YM0FiCY=,ORiqAw6vX69ruqsKip+NVSQf3wA=
1,-11,af+dxPmtuUJvdsBQhWX5YM0FiCY=,ORiqAw6vX69ruqsKip+NVSQf3wA=
1,-7,mJebFN3UXXgnVQe2h5PpzZkRw7U=,3kCbYc0lSGqPchuHCxIrh9iAd7g=
0,-14,af+dxPmtuUJvdsBQhWX5YM0FiCY=,DZc6jzFaqHDiHxd8Bg2Qyvyflxc=
1,-14,af+dxPmtuUJvdsBQhWX5YM0FiCY=,DZc6jzFaqHDiHxd8Bg2Qyvyflxc=
0,-2,PxGR0gB0wigWUtFp88+MtyP9tBo=,JzAhgzxfC+y2ZUshUdSX6wykRG8=
1,-1,PxGR0gB0wigWUtFp88+MtyP9tBo=,JzAhgzxfC+y2ZUshUdSX6wykRG8=
1,-2,PxGR0gB0wigWUtFp88+MtyP9tBo=,JzAhgzxfC+y2ZUshUdSX6wykRG8=
14,-1,mWTqyU2cLKaVywYyz27VMLMfOBY=,3txoXv+1871MPMuWrREj0si8u4k=
0,-11,af+dxPmtuUJvdsBQhWX5YM0FiCY=,ORiqAw6vX69ruqsKip+NVSQf3wA=
0,-1,PxGR0gB0wigWUtFp88+MtyP9tBo=,JzAhgzxfC+y2ZUshUdSX6wykRG8=
14,-2,o0eYe/tUBgi1S/ZeNik/vH6EmCQ=,3txoXv+1871MPMuWrREj0si8u4k=
15,-2,mWTqyU2cLKaVywYyz27VMLMfOBY=,3txoXv+1871MPMuWrREj0si8u4k=
15,-1,mWTqyU2cLKaVywYyz27VMLMfOBY=,3txoXv+1871MPMuWrREj0si8u4k=
