11,3,c87ybQI2AxeD7yD37sW1rLqmL2g=,+PjJSIXshBQvqi54s98UtIs0hXI=
13,3,c87ybQI2AxeD7yD37sW1rLqmL2g=,AOWJMnwmKWlgQ8ZgCMx6NbiCuaA=
11,5,c87ybQI2AxeD7yD37sW1rLqmL2g=,yH5OrsppgJ/LhBBR4lAUnPT73Sg=
12,3,c87ybQI2AxeD7yD37sW1rLqmL2g=,AOWJMnwmKWlgQ8ZgCMx6NbiCuaA=
10,5,c87ybQI2AxeD7yD37sW1rLqmL2g=,yH5OrsppgJ/LhBBR4lAUnPT73Sg=
11,2,c87ybQI2AxeD7yD37sW1rLqmL2g=,+PjJSIXshBQvqi54s98UtIs0hXI=
10,3,c87ybQI2AxeD7yD37sW1rLqmL2g=,+PjJSIXshBQvqi54s98UtIs0hXI=
13,2,c87ybQI2AxeD7yD37sW1rLqmL2g=,AOWJMnwmKWlgQ8ZgCMx6NbiCuaA=
10,2,c87ybQI2AxeD7yD37sW1rLqmL2g=,+PjJSIXshBQvqi54s98UtIs0hXI=
11,4,c87ybQI2AxeD7yD37sW1rLqmL2g=,yH5OrsppgJ/LhBBR4lAUnPT73Sg=
12,2,c87ybQI2AxeD7yD37sW1rLqmL2g=,AOWJMnwmKWlgQ8ZgCMx6NbiCuaA=
13,4,c87ybQI2AxeD7yD37sW1rLqmL2g=,ZHFIrzaF9bldOVV23XtNSRGrZ94=
12,4,c87ybQI2AxeD7yD37sW1rLqmL2g=,ZHFIrzaF9bldOVV23XtNSRGrZ94=
10,4,c87ybQI2AxeD7yD37sW1rLqmL2g=,yH5OrsppgJ/LhBBR4lAUnPT73Sg=
12,5,c87ybQI2AxeD7yD37sW1rLqmL2g=,ZHFIrzaF9bldOVV23XtNSRGrZ94=
13,5,c87ybQI2AxeD7yD37sW1rLqmL2g=,ZHFIrzaF9bldOVV23XtNSRGrZ94=
4,9,hAOQXZFjMhLXOZ5QJuECzTfM8MA=,wDYwa7T3Un05lVm/5V1yq4l436I=
5,7,LGE84ghEnneGpkIgU2ketGhdWoM=,RPZrU4BEsF22LCYmM7cbAZAyIRE=
2,7,LGE84ghEnneGpkIgU2ketGhdWoM=,a9No7gL2Bftq3fgD9XtcqNNxKhg=
4,8,hAOQXZFjMhLXOZ5QJuECzTfM8MA=,wDYwa7T3Un05lVm/5V1yq4l436I=
2,9,LGE84ghEnneGpkIgU2ketGhdWoM=,24xMulia32XAimvF5gPlsgptaeI=
4,7,LGE84ghEnneGpkIgU2ketGhdWoM=,RPZrU4BEsF22LCYmM7cbAZAyIRE=
5,9,hAOQXZFjMhLXOZ5QJuECzTfM8MA=,wDYwa7T3Un05lVm/5V1yq4l436I=
3,7,LGE84ghEnneGpkIgU2ketGhdWoM=,a9No7gL2Bftq3fgD9XtcqNNxKhg=
3,6,LGE84ghEnneGpkIgU2ketGhdWoM=,a9No7gL2Bftq3fgD9XtcqNNxKhg=
3,8,LGE84ghEnneGpkIgU2ketGhdWoM=,24xMulia32XAimvF5gPlsgptaeI=
3,9,LGE84ghEnneGpkIgU2ketGhdWoM=,24xMulia32XAimvF5gPlsgptaeI=
2,8,LGE84ghEnneGpkIgU2ketGhdWoM=,24xMulia32XAimvF5gPlsgptaeI=
2,6,LGE84ghEnneGpkIgU2ketGhdWoM=,a9No7gL2Bftq3fgD9XtcqNNxKhg=
5,8,hAOQXZFjMhLXOZ5QJuECzTfM8MA=,wDYwa7T3Un05lVm/5V1yq4l436I=
5,6,LGE84ghEnneGpkIgU2ketGhdWoM=,RPZrU4BEsF22LCYmM7cbAZAyIRE=
4,6,LGE84ghEnneGpkIgU2ketGhdWoM=,RPZrU4BEsF22LCYmM7cbAZAyIRE=
6,6,KWwlfbjZkti7XgrLnHa8DNsXSho=,RPZrU4BEsF22LCYmM7cbAZAyIRE=
8,6,VKQ/asfIiVSpOOqzeNOjUv5YQmQ=,yH5OrsppgJ/LhBBR4lAUnPT73Sg=
8,9,+l0nYsIDlIxhmbGlATwNzTv7qYI=,L8/M6cDRLgG3Yuh8LQ7/mNg6hBw=
7,6,aAOX2eZOQ/RIvnsrklU10hCiBuI=,RPZrU4BEsF22LCYmM7cbAZAyIRE=
7,8,KWwlfbjZkti7XgrLnHa8DNsXSho=,wDYwa7T3Un05lVm/5V1yq4l436I=
9,6,VKQ/asfIiVSpOOqzeNOjUv5YQmQ=,yH5OrsppgJ/LhBBR4lAUnPT73Sg=
6,8,KWwlfbjZkti7XgrLnHa8DNsXSho=,wDYwa7T3Un05lVm/5V1yq4l436I=
7,7,aAOX2eZOQ/RIvnsrklU10hCiBuI=,RPZrU4BEsF22LCYmM7cbAZAyIRE=
7,9,aAOX2eZOQ/RIvnsrklU10hCiBuI=,wDYwa7T3Un05lVm/5V1yq4l436I=
6,7,KWwlfbjZkti7XgrLnHa8DNsXSho=,RPZrU4BEsF22LCYmM7cbAZAyIRE=
8,7,VKQ/asfIiVSpOOqzeNOjUv5YQmQ=,yH5OrsppgJ/LhBBR4lAUnPT73Sg=
8,8,+l0nYsIDlIxhmbGlATwNzTv7qYI=,L8/M6cDRLgG3Yuh8LQ7/mNg6hBw=
9,8,+l0nYsIDlIxhmbGlATwNzTv7qYI=,L8/M6cDRLgG3Yuh8LQ7/mNg6hBw=
9,7,VKQ/asfIiVSpOOqzeNOjUv5YQmQ=,yH5OrsppgJ/LhBBR4lAUnPT73Sg=
6,9,aAOX2eZOQ/RIvnsrklU10hCiBuI=,wDYwa7T3Un05lVm/5V1yq4l436I=
9,9,+l0nYsIDlIxhmbGlATwNzTv7qYI=,L8/M6cDRLgG3Yuh8LQ7/mNg6hBw=
8,11,+3mtRJw5cAgldenJGFEfRGC2DiQ=,L8/M6cDRLgG3Yuh8LQ7/mNg6hBw=
6,11,KWwlfbjZkti7XgrLnHa8DNsXSho=,wDYwa7T3Un05lVm/5V1yq4l436I=
7,13,KWwlfbjZkti7XgrLnHa8DNsXSho=,4LSmrvDmP7rASX921tLduL3wDwc=
8,10,+3mtRJw5cAgldenJGFEfRGC2DiQ=,L8/M6cDRLgG3Yuh8LQ7/mNg6hBw=
7,11,KWwlfbjZkti7XgrLnHa8DNsXSho=,wDYwa7T3Un05lVm/5V1yq4l436I=
8,13,KWwlfbjZkti7XgrLnHa8DNsXSho=,9J+1APbZ9DSkZ/sSmJIPvDqT6Fo=
6,13,KWwlfbjZkti7XgrLnHa8DNsXSho=,4LSmrvDmP7rASX921tLduL3wDwc=
9,11,+3mtRJw5cAgldenJGFEfRGC2DiQ=,L8/M6cDRLgG3Yuh8LQ7/mNg6hBw=
6,10,KWwlfbjZkti7XgrLnHa8DNsXSho=,wDYwa7T3Un05lVm/5V1yq4l436I=
7,10,KWwlfbjZkti7XgrLnHa8DNsXSho=,wDYwa7T3Un05lVm/5V1yq4l436I=
8,12,KWwlfbjZkti7XgrLnHa8DNsXSho=,9J+1APbZ9DSkZ/sSmJIPvDqT6Fo=
6,12,KWwlfbjZkti7XgrLnHa8DNsXSho=,4LSmrvDmP7rASX921tLduL3wDwc=
9,12,KWwlfbjZkti7XgrLnHa8DNsXSho=,9J+1APbZ9DSkZ/sSmJIPvDqT6Fo=
7,12,KWwlfbjZkti7XgrLnHa8DNsXSho=,4LSmrvDmP7rASX921tLduL3wDwc=
9,13,KWwlfbjZkti7XgrLnHa8DNsXSho=,9J+1APbZ9DSkZ/sSmJIPvDqT6Fo=
9,10,+3mtRJw5cAgldenJGFEfRGC2DiQ=,L8/M6cDRLgG3Yuh8LQ7/mNg6hBw=
12,9,eKr+2ns7irb0PEJHUOt63FSsOLA=,KaYWYKHRFGfBiZJpss7L8hisybM=
13,9,eKr+2ns7irb0PEJHUOt63FSsOLA=,KaYWYKHRFGfBiZJpss7L8hisybM=
11,6,VKQ/asfIiVSpOOqzeNOjUv5YQmQ=,yH5OrsppgJ/LhBBR4lAUnPT73Sg=
11,7,VKQ/asfIiVSpOOqzeNOjUv5YQmQ=,yH5OrsppgJ/LhBBR4lAUnPT73Sg=
10,6,VKQ/asfIiVSpOOqzeNOjUv5YQmQ=,yH5OrsppgJ/LhBBR4lAUnPT73Sg=
12,8,eKr+2ns7irb0PEJHUOt63FSsOLA=,KaYWYKHRFGfBiZJpss7L8hisybM=
10,9,Ki/7k+XkWKaZeqCuTOFtUwL+/Kg=,L8/M6cDRLgG3Yuh8LQ7/mNg6hBw=
13,7,VKQ/asfIiVSpOOqzeNOjUv5YQmQ=,ZHFIrzaF9bldOVV23XtNSRGrZ94=
10,7,VKQ/asfIiVSpOOqzeNOjUv5YQmQ=,yH5OrsppgJ/LhBBR4lAUnPT73Sg=
12,6,VKQ/asfIiVSpOOqzeNOjUv5YQmQ=,ZHFIrzaF9bldOVV23XtNSRGrZ94=
11,8,Ki/7k+XkWKaZeqCuTOFtUwL+/Kg=,L8/M6cDRLgG3Yuh8LQ7/mNg6hBw=
13,6,VKQ/asfIiVSpOOqzeNOjUv5YQmQ=,ZHFIrzaF9bldOVV23XtNSRGrZ94=
13,8,eKr+2ns7irb0PEJHUOt63FSsOLA=,KaYWYKHRFGfBiZJpss7L8hisybM=
10,8,Ki/7k+XkWKaZeqCuTOFtUwL+/Kg=,L8/M6cDRLgG3Yuh8LQ7/mNg6hBw=
12,7,VKQ/asfIiVSpOOqzeNOjUv5YQmQ=,ZHFIrzaF9bldOVV23XtNSRGrZ94=
11,9,Ki/7k+XkWKaZeqCuTOFtUwL+/Kg=,L8/M6cDRLgG3Yuh8LQ7/mNg6hBw=
8,4,VKQ/asfIiVSpOOqzeNOjUv5YQmQ=,yH5OrsppgJ/LhBBR4lAUnPT73Sg=
6,3,xvuATz7kmHiq36zBCL26B43HkI0=,dtl6glSe4Elc4158V8ecOcv7ufg=
9,5,VKQ/asfIiVSpOOqzeNOjUv5YQmQ=,yH5OrsppgJ/LhBBR4lAUnPT73Sg=
6,2,xvuATz7kmHiq36zBCL26B43HkI0=,dtl6glSe4Elc4158V8ecOcv7ufg=
7,4,SbeQ2AoE4hqob1989UiWQeMT+0k=,RPZrU4BEsF22LCYmM7cbAZAyIRE=
6,4,SbeQ2AoE4hqob1989UiWQeMT+0k=,RPZrU4BEsF22LCYmM7cbAZAyIRE=
8,5,VKQ/asfIiVSpOOqzeNOjUv5YQmQ=,yH5OrsppgJ/LhBBR4lAUnPT73Sg=
9,3,VKQ/asfIiVSpOOqzeNOjUv5YQmQ=,+PjJSIXshBQvqi54s98UtIs0hXI=
7,2,xvuATz7kmHiq36zBCL26B43HkI0=,dtl6glSe4Elc4158V8ecOcv7ufg=
8,3,VKQ/asfIiVSpOOqzeNOjUv5YQmQ=,+PjJSIXshBQvqi54s98UtIs0hXI=
9,4,VKQ/asfIiVSpOOqzeNOjUv5YQmQ=,yH5OrsppgJ/LhBBR4lAUnPT73Sg=
7,5,SbeQ2AoE4hqob1989UiWQeMT+0k=,RPZrU4BEsF22LCYmM7cbAZAyIRE=
9,2,VKQ/asfIiVSpOOqzeNOjUv5YQmQ=,+PjJSIXshBQvqi54s98UtIs0hXI=
8,2,VKQ/asfIiVSpOOqzeNOjUv5YQmQ=,+PjJSIXshBQvqi54s98UtIs0hXI=
7,3,xvuATz7kmHiq36zBCL26B43HkI0=,dtl6glSe4Elc4158V8ecOcv7ufg=
6,5,SbeQ2AoE4hqob1989UiWQeMT+0k=,RPZrU4BEsF22LCYmM7cbAZAyIRE=
11,13,UgUtXQthKVPgwVNhFPJEEYoDkTU=,9J+1APbZ9DSkZ/sSmJIPvDqT6Fo=
10,13,UgUtXQthKVPgwVNhFPJEEYoDkTU=,9J+1APbZ9DSkZ/sSmJIPvDqT6Fo=
12,11,UgUtXQthKVPgwVNhFPJEEYoDkTU=,KaYWYKHRFGfBiZJpss7L8hisybM=
11,10,Ki/7k+XkWKaZeqCuTOFtUwL+/Kg=,L8/M6cDRLgG3Yuh8LQ7/mNg6hBw=
11,12,UgUtXQthKVPgwVNhFPJEEYoDkTU=,9J+1APbZ9DSkZ/sSmJIPvDqT6Fo=
10,12,UgUtXQthKVPgwVNhFPJEEYoDkTU=,9J+1APbZ9DSkZ/sSmJIPvDqT6Fo=
12,10,UgUtXQthKVPgwVNhFPJEEYoDkTU=,KaYWYKHRFGfBiZJpss7L8hisybM=
12,13,UgUtXQthKVPgwVNhFPJEEYoDkTU=,LaF18B3gSyR7lSSaHrPy7J7zaUY=
10,10,Ki/7k+XkWKaZeqCuTOFtUwL+/Kg=,L8/M6cDRLgG3Yuh8LQ7/mNg6hBw=
11,11,Ki/7k+XkWKaZeqCuTOFtUwL+/Kg=,L8/M6cDRLgG3Yuh8LQ7/mNg6hBw=
13,10,UgUtXQthKVPgwVNhFPJEEYoDkTU=,KaYWYKHRFGfBiZJpss7L8hisybM=
12,12,UgUtXQthKVPgwVNhFPJEEYoDkTU=,LaF18B3gSyR7lSSaHrPy7J7zaUY=
13,13,UgUtXQthKVPgwVNhFPJEEYoDkTU=,LaF18B3gSyR7lSSaHrPy7J7zaUY=
13,12,UgUtXQthKVPgwVNhFPJEEYoDkTU=,LaF18B3gSyR7lSSaHrPy7J7zaUY=
10,11,Ki/7k+XkWKaZeqCuTOFtUwL+/Kg=,L8/M6cDRLgG3Yuh8LQ7/mNg6hBw=
13,11,UgUtXQthKVPgwVNhFPJEEYoDkTU=,KaYWYKHRFGfBiZJpss7L8hisybM=
4,11,j52bHffmr40LiEoA/bztKZDeTR8=,wDYwa7T3Un05lVm/5V1yq4l436I=
5,11,j52bHffmr40LiEoA/bztKZDeTR8=,wDYwa7T3Un05lVm/5V1yq4l436I=
4,10,j52bHffmr40LiEoA/bztKZDeTR8=,wDYwa7T3Un05lVm/5V1yq4l436I=
2,10,j52bHffmr40LiEoA/bztKZDeTR8=,24xMulia32XAimvF5gPlsgptaeI=
5,10,j52bHffmr40LiEoA/bztKZDeTR8=,wDYwa7T3Un05lVm/5V1yq4l436I=
5,12,j52bHffmr40LiEoA/bztKZDeTR8=,4LSmrvDmP7rASX921tLduL3wDwc=
4,13,j52bHffmr40LiEoA/bztKZDeTR8=,4LSmrvDmP7rASX921tLduL3wDwc=
3,11,j52bHffmr40LiEoA/bztKZDeTR8=,24xMulia32XAimvF5gPlsgptaeI=
3,10,j52bHffmr40LiEoA/bztKZDeTR8=,24xMulia32XAimvF5gPlsgptaeI=
2,11,j52bHffmr40LiEoA/bztKZDeTR8=,24xMulia32XAimvF5gPlsgptaeI=
2,13,YJ4ivMlaDK0gQFp5RbejB3D1KfQ=,YXqaHb7UZ/5Tc/slt8rw02f5pCg=
4,12,j52bHffmr40LiEoA/bztKZDeTR8=,4LSmrvDmP7rASX921tLduL3wDwc=
3,12,YJ4ivMlaDK0gQFp5RbejB3D1KfQ=,YXqaHb7UZ/5Tc/slt8rw02f5pCg=
3,13,YJ4ivMlaDK0gQFp5RbejB3D1KfQ=,YXqaHb7UZ/5Tc/slt8rw02f5pCg=
5,13,j52bHffmr40LiEoA/bztKZDeTR8=,4LSmrvDmP7rASX921tLduL3wDwc=
2,12,YJ4ivMlaDK0gQFp5RbejB3D1KfQ=,YXqaHb7UZ/5Tc/slt8rw02f5pCg=
0,8,FENM+7uTAu7YZtQo9Dg5kfkBvbM=,24xMulia32XAimvF5gPlsgptaeI=
1,7,FENM+7uTAu7YZtQo9Dg5kfkBvbM=,a9No7gL2Bftq3fgD9XtcqNNxKhg=
0,13,YJ4ivMlaDK0gQFp5RbejB3D1KfQ=,YXqaHb7UZ/5Tc/slt8rw02f5pCg=
0,9,FENM+7uTAu7YZtQo9Dg5kfkBvbM=,24xMulia32XAimvF5gPlsgptaeI=
0,11,j52bHffmr40LiEoA/bztKZDeTR8=,24xMulia32XAimvF5gPlsgptaeI=
1,12,YJ4ivMlaDK0gQFp5RbejB3D1KfQ=,YXqaHb7UZ/5Tc/slt8rw02f5pCg=
0,10,j52bHffmr40LiEoA/bztKZDeTR8=,24xMulia32XAimvF5gPlsgptaeI=
0,7,FENM+7uTAu7YZtQo9Dg5kfkBvbM=,a9No7gL2Bftq3fgD9XtcqNNxKhg=
1,13,YJ4ivMlaDK0gQFp5RbejB3D1KfQ=,YXqaHb7UZ/5Tc/slt8rw02f5pCg=
1,6,FENM+7uTAu7YZtQo9Dg5kfkBvbM=,a9No7gL2Bftq3fgD9XtcqNNxKhg=
0,12,YJ4ivMlaDK0gQFp5RbejB3D1KfQ=,YXqaHb7UZ/5Tc/slt8rw02f5pCg=
1,10,j52bHffmr40LiEoA/bztKZDeTR8=,24xMulia32XAimvF5gPlsgptaeI=
1,11,j52bHffmr40LiEoA/bztKZDeTR8=,24xMulia32XAimvF5gPlsgptaeI=
0,6,FENM+7uTAu7YZtQo9Dg5kfkBvbM=,a9No7gL2Bftq3fgD9XtcqNNxKhg=
1,8,FENM+7uTAu7YZtQo9Dg5kfkBvbM=,24xMulia32XAimvF5gPlsgptaeI=
1,9,FENM+7uTAu7YZtQo9Dg5kfkBvbM=,24xMulia32XAimvF5gPlsgptaeI=
13,1,xkqRKrvBrnhEb5w0GinK6J8o6Xg=,AOWJMnwmKWlgQ8ZgCMx6NbiCuaA=
12,1,xkqRKrvBrnhEb5w0GinK6J8o6Xg=,AOWJMnwmKWlgQ8ZgCMx6NbiCuaA=
11,0,xkqRKrvBrnhEb5w0GinK6J8o6Xg=,+PjJSIXshBQvqi54s98UtIs0hXI=
11,1,xkqRKrvBrnhEb5w0GinK6J8o6Xg=,+PjJSIXshBQvqi54s98UtIs0hXI=
12,0,xkqRKrvBrnhEb5w0GinK6J8o6Xg=,AOWJMnwmKWlgQ8ZgCMx6NbiCuaA=
7,0,D9xTx23UEPi97vGBjF0aOzC6oQQ=,dtl6glSe4Elc4158V8ecOcv7ufg=
8,1,VKQ/asfIiVSpOOqzeNOjUv5YQmQ=,+PjJSIXshBQvqi54s98UtIs0hXI=
7,1,D9xTx23UEPi97vGBjF0aOzC6oQQ=,dtl6glSe4Elc4158V8ecOcv7ufg=
8,0,VKQ/asfIiVSpOOqzeNOjUv5YQmQ=,+PjJSIXshBQvqi54s98UtIs0hXI=
9,0,VKQ/asfIiVSpOOqzeNOjUv5YQmQ=,+PjJSIXshBQvqi54s98UtIs0hXI=
10,1,xkqRKrvBrnhEb5w0GinK6J8o6Xg=,+PjJSIXshBQvqi54s98UtIs0hXI=
6,1,D9xTx23UEPi97vGBjF0aOzC6oQQ=,dtl6glSe4Elc4158V8ecOcv7ufg=
6,0,D9xTx23UEPi97vGBjF0aOzC6oQQ=,dtl6glSe4Elc4158V8ecOcv7ufg=
9,1,VKQ/asfIiVSpOOqzeNOjUv5YQmQ=,+PjJSIXshBQvqi54s98UtIs0hXI=
13,0,xkqRKrvBrnhEb5w0GinK6J8o6Xg=,AOWJMnwmKWlgQ8ZgCMx6NbiCuaA=
10,0,xkqRKrvBrnhEb5w0GinK6J8o6Xg=,+PjJSIXshBQvqi54s98UtIs0hXI=
3,5,q5owEY4en92A6PvGn9o1qXeXmpw=,a9No7gL2Bftq3fgD9XtcqNNxKhg=
0,5,H7w7ol7X+ltsW7Engu032DJtWfE=,a9No7gL2Bftq3fgD9XtcqNNxKhg=
2,3,H7w7ol7X+ltsW7Engu032DJtWfE=,mZsvcMtfuQ9ZsAy6urVkT6JibXk=
4,3,s3ebR045e/9Mtveu8mO/0EdNm8o=,dtl6glSe4Elc4158V8ecOcv7ufg=
4,4,q5owEY4en92A6PvGn9o1qXeXmpw=,RPZrU4BEsF22LCYmM7cbAZAyIRE=
5,5,H7w7ol7X+ltsW7Engu032DJtWfE=,RPZrU4BEsF22LCYmM7cbAZAyIRE=
0,4,q5owEY4en92A6PvGn9o1qXeXmpw=,a9No7gL2Bftq3fgD9XtcqNNxKhg=
4,2,s3ebR045e/9Mtveu8mO/0EdNm8o=,dtl6glSe4Elc4158V8ecOcv7ufg=
4,1,s3ebR045e/9Mtveu8mO/0EdNm8o=,dtl6glSe4Elc4158V8ecOcv7ufg=
3,1,H7w7ol7X+ltsW7Engu032DJtWfE=,mZsvcMtfuQ9ZsAy6urVkT6JibXk=
0,0,H7w7ol7X+ltsW7Engu032DJtWfE=,mZsvcMtfuQ9ZsAy6urVkT6JibXk=
0,2,q5owEY4en92A6PvGn9o1qXeXmpw=,mZsvcMtfuQ9ZsAy6urVkT6JibXk=
1,4,q5owEY4en92A6PvGn9o1qXeXmpw=,a9No7gL2Bftq3fgD9XtcqNNxKhg=
1,1,H7w7ol7X+ltsW7Engu032DJtWfE=,mZsvcMtfuQ9ZsAy6urVkT6JibXk=
1,5,q5owEY4en92A6PvGn9o1qXeXmpw=,a9No7gL2Bftq3fgD9XtcqNNxKhg=
5,0,D9xTx23UEPi97vGBjF0aOzC6oQQ=,dtl6glSe4Elc4158V8ecOcv7ufg=
5,1,s3ebR045e/9Mtveu8mO/0EdNm8o=,dtl6glSe4Elc4158V8ecOcv7ufg=
1,3,H7w7ol7X+ltsW7Engu032DJtWfE=,mZsvcMtfuQ9ZsAy6urVkT6JibXk=
2,5,q5owEY4en92A6PvGn9o1qXeXmpw=,a9No7gL2Bftq3fgD9XtcqNNxKhg=
4,5,q5owEY4en92A6PvGn9o1qXeXmpw=,RPZrU4BEsF22LCYmM7cbAZAyIRE=
3,2,H7w7ol7X+ltsW7Engu032DJtWfE=,mZsvcMtfuQ9ZsAy6urVkT6JibXk=
1,2,q5owEY4en92A6PvGn9o1qXeXmpw=,mZsvcMtfuQ9ZsAy6urVkT6JibXk=
2,4,H7w7ol7X+ltsW7Engu032DJtWfE=,a9No7gL2Bftq3fgD9XtcqNNxKhg=
4,0,D9xTx23UEPi97vGBjF0aOzC6oQQ=,dtl6glSe4Elc4158V8ecOcv7ufg=
2,2,H7w7ol7X+ltsW7Engu032DJtWfE=,mZsvcMtfuQ9ZsAy6urVkT6JibXk=
3,3,H7w7ol7X+ltsW7Engu032DJtWfE=,mZsvcMtfuQ9ZsAy6urVkT6JibXk=
0,3,q5owEY4en92A6PvGn9o1qXeXmpw=,mZsvcMtfuQ9ZsAy6urVkT6JibXk=
5,2,s3ebR045e/9Mtveu8mO/0EdNm8o=,dtl6glSe4Elc4158V8ecOcv7ufg=
1,0,H7w7ol7X+ltsW7Engu032DJtWfE=,mZsvcMtfuQ9ZsAy6urVkT6JibXk=
0,1,H7w7ol7X+ltsW7Engu032DJtWfE=,mZsvcMtfuQ9ZsAy6urVkT6JibXk=
3,0,H7w7ol7X+ltsW7Engu032DJtWfE=,mZsvcMtfuQ9ZsAy6urVkT6JibXk=
2,0,H7w7ol7X+ltsW7Engu032DJtWfE=,mZsvcMtfuQ9ZsAy6urVkT6JibXk=
3,4,q5owEY4en92A6PvGn9o1qXeXmpw=,a9No7gL2Bftq3fgD9XtcqNNxKhg=
5,4,q5owEY4en92A6PvGn9o1qXeXmpw=,RPZrU4BEsF22LCYmM7cbAZAyIRE=
2,1,H7w7ol7X+ltsW7Engu032DJtWfE=,mZsvcMtfuQ9ZsAy6urVkT6JibXk=
5,3,s3ebR045e/9Mtveu8mO/0EdNm8o=,dtl6glSe4Elc4158V8ecOcv7ufg=
15,3,ulCsUb/shoRCI5TO3ddLWJW5Mdk=,AOWJMnwmKWlgQ8ZgCMx6NbiCuaA=
15,4,ulCsUb/shoRCI5TO3ddLWJW5Mdk=,ZHFIrzaF9bldOVV23XtNSRGrZ94=
14,3,ulCsUb/shoRCI5TO3ddLWJW5Mdk=,AOWJMnwmKWlgQ8ZgCMx6NbiCuaA=
15,0,VKQ/asfIiVSpOOqzeNOjUv5YQmQ=,AOWJMnwmKWlgQ8ZgCMx6NbiCuaA=
15,2,ulCsUb/shoRCI5TO3ddLWJW5Mdk=,AOWJMnwmKWlgQ8ZgCMx6NbiCuaA=
14,2,ulCsUb/shoRCI5TO3ddLWJW5Mdk=,AOWJMnwmKWlgQ8ZgCMx6NbiCuaA=
15,1,VKQ/asfIiVSpOOqzeNOjUv5YQmQ=,AOWJMnwmKWlgQ8ZgCMx6NbiCuaA=
15,5,ulCsUb/shoRCI5TO3ddLWJW5Mdk=,ZHFIrzaF9bldOVV23XtNSRGrZ94=
14,1,VKQ/asfIiVSpOOqzeNOjUv5YQmQ=,AOWJMnwmKWlgQ8ZgCMx6NbiCuaA=
14,0,VKQ/asfIiVSpOOqzeNOjUv5YQmQ=,AOWJMnwmKWlgQ8ZgCMx6NbiCuaA=
14,4,ulCsUb/shoRCI5TO3ddLWJW5Mdk=,ZHFIrzaF9bldOVV23XtNSRGrZ94=
14,5,ulCsUb/shoRCI5TO3ddLWJW5Mdk=,ZHFIrzaF9bldOVV23XtNSRGrZ94=
14,9,eKr+2ns7irb0PEJHUOt63FSsOLA=,KaYWYKHRFGfBiZJpss7L8hisybM=
6,14,q5owEY4en92A6PvGn9o1qXeXmpw=,4LSmrvDmP7rASX921tLduL3wDwc=
9,15,q5owEY4en92A6PvGn9o1qXeXmpw=,9J+1APbZ9DSkZ/sSmJIPvDqT6Fo=
6,15,q5owEY4en92A6PvGn9o1qXeXmpw=,4LSmrvDmP7rASX921tLduL3wDwc=
8,14,q5owEY4en92A6PvGn9o1qXeXmpw=,9J+1APbZ9DSkZ/sSmJIPvDqT6Fo=
8,15,q5owEY4en92A6PvGn9o1qXeXmpw=,9J+1APbZ9DSkZ/sSmJIPvDqT6Fo=
9,14,q5owEY4en92A6PvGn9o1qXeXmpw=,9J+1APbZ9DSkZ/sSmJIPvDqT6Fo=
7,14,q5owEY4en92A6PvGn9o1qXeXmpw=,4LSmrvDmP7rASX921tLduL3wDwc=
7,15,q5owEY4en92A6PvGn9o1qXeXmpw=,4LSmrvDmP7rASX921tLduL3wDwc=
4,15,j52bHffmr40LiEoA/bztKZDeTR8=,4LSmrvDmP7rASX921tLduL3wDwc=
15,9,eKr+2ns7irb0PEJHUOt63FSsOLA=,KaYWYKHRFGfBiZJpss7L8hisybM=
15,8,eKr+2ns7irb0PEJHUOt63FSsOLA=,KaYWYKHRFGfBiZJpss7L8hisybM=
2,14,YJ4ivMlaDK0gQFp5RbejB3D1KfQ=,YXqaHb7UZ/5Tc/slt8rw02f5pCg=
4,14,j52bHffmr40LiEoA/bztKZDeTR8=,4LSmrvDmP7rASX921tLduL3wDwc=
5,15,j52bHffmr40LiEoA/bztKZDeTR8=,4LSmrvDmP7rASX921tLduL3wDwc=
5,14,j52bHffmr40LiEoA/bztKZDeTR8=,4LSmrvDmP7rASX921tLduL3wDwc=
14,7,VKQ/asfIiVSpOOqzeNOjUv5YQmQ=,ZHFIrzaF9bldOVV23XtNSRGrZ94=
15,7,VKQ/asfIiVSpOOqzeNOjUv5YQmQ=,ZHFIrzaF9bldOVV23XtNSRGrZ94=
3,14,YJ4ivMlaDK0gQFp5RbejB3D1KfQ=,YXqaHb7UZ/5Tc/slt8rw02f5pCg=
2,15,YJ4ivMlaDK0gQFp5RbejB3D1KfQ=,YXqaHb7UZ/5Tc/slt8rw02f5pCg=
15,6,VKQ/asfIiVSpOOqzeNOjUv5YQmQ=,ZHFIrzaF9bldOVV23XtNSRGrZ94=
3,15,YJ4ivMlaDK0gQFp5RbejB3D1KfQ=,YXqaHb7UZ/5Tc/slt8rw02f5pCg=
14,6,VKQ/asfIiVSpOOqzeNOjUv5YQmQ=,ZHFIrzaF9bldOVV23XtNSRGrZ94=
14,8,eKr+2ns7irb0PEJHUOt63FSsOLA=,KaYWYKHRFGfBiZJpss7L8hisybM=
1,15,YJ4ivMlaDK0gQFp5RbejB3D1KfQ=,YXqaHb7UZ/5Tc/slt8rw02f5pCg=
0,14,YJ4ivMlaDK0gQFp5RbejB3D1KfQ=,YXqaHb7UZ/5Tc/slt8rw02f5pCg=
0,15,YJ4ivMlaDK0gQFp5RbejB3D1KfQ=,YXqaHb7UZ/5Tc/slt8rw02f5pCg=
1,14,YJ4ivMlaDK0gQFp5RbejB3D1KfQ=,YXqaHb7UZ/5Tc/slt8rw02f5pCg=
12,14,j52bHffmr40LiEoA/bztKZDeTR8=,LaF18B3gSyR7lSSaHrPy7J7zaUY=
12,15,j52bHffmr40LiEoA/bztKZDeTR8=,LaF18B3gSyR7lSSaHrPy7J7zaUY=
13,14,j52bHffmr40LiEoA/bztKZDeTR8=,LaF18B3gSyR7lSSaHrPy7J7zaUY=
13,15,j52bHffmr40LiEoA/bztKZDeTR8=,LaF18B3gSyR7lSSaHrPy7J7zaUY=
10,14,j52bHffmr40LiEoA/bztKZDeTR8=,9J+1APbZ9DSkZ/sSmJIPvDqT6Fo=
10,15,j52bHffmr40LiEoA/bztKZDeTR8=,9J+1APbZ9DSkZ/sSmJIPvDqT6Fo=
11,15,j52bHffmr40LiEoA/bztKZDeTR8=,9J+1APbZ9DSkZ/sSmJIPvDqT6Fo=
11,14,j52bHffmr40LiEoA/bztKZDeTR8=,9J+1APbZ9DSkZ/sSmJIPvDqT6Fo=
15,13,j52bHffmr40LiEoA/bztKZDeTR8=,LaF18B3gSyR7lSSaHrPy7J7zaUY=
14,15,j52bHffmr40LiEoA/bztKZDeTR8=,LaF18B3gSyR7lSSaHrPy7J7zaUY=
15,10,j52bHffmr40LiEoA/bztKZDeTR8=,KaYWYKHRFGfBiZJpss7L8hisybM=
14,13,j52bHffmr40LiEoA/bztKZDeTR8=,LaF18B3gSyR7lSSaHrPy7J7zaUY=
15,15,j52bHffmr40LiEoA/bztKZDeTR8=,LaF18B3gSyR7lSSaHrPy7J7zaUY=
15,11,j52bHffmr40LiEoA/bztKZDeTR8=,KaYWYKHRFGfBiZJpss7L8hisybM=
14,11,j52bHffmr40LiEoA/bztKZDeTR8=,KaYWYKHRFGfBiZJpss7L8hisybM=
14,10,j52bHffmr40LiEoA/bztKZDeTR8=,KaYWYKHRFGfBiZJpss7L8hisybM=
15,12,j52bHffmr40LiEoA/bztKZDeTR8=,LaF18B3gSyR7lSSaHrPy7J7zaUY=
15,14,j52bHffmr40LiEoA/bztKZDeTR8=,LaF18B3gSyR7lSSaHrPy7J7zaUY=
14,12,j52bHffmr40LiEoA/bztKZDeTR8=,LaF18B3gSyR7lSSaHrPy7J7zaUY=
14,14,j52bHffmr40LiEoA/bztKZDeTR8=,LaF18B3gSyR7lSSaHrPy7J7zaUY=
2,28,tdce4CvewT6ippQpW4cMUhAD72Q=,zt/L2cEKXkOaFLCiBCX2RsuwXD4=
3,29,tdce4CvewT6ippQpW4cMUhAD72Q=,zt/L2cEKXkOaFLCiBCX2RsuwXD4=
3,27,tdce4CvewT6ippQpW4cMUhAD72Q=,nmS/ldtldq+vgyB8zZjdA11iWNw=
2,27,tdce4CvewT6ippQpW4cMUhAD72Q=,nmS/ldtldq+vgyB8zZjdA11iWNw=
2,29,tdce4CvewT6ippQpW4cMUhAD72Q=,zt/L2cEKXkOaFLCiBCX2RsuwXD4=
5,27,A9CLbi5oUbMSs+zF71wbcjoPJFg=,Q6X4jlCi4ROAhvNIt4rlHK8nwd0=
3,26,tdce4CvewT6ippQpW4cMUhAD72Q=,nmS/ldtldq+vgyB8zZjdA11iWNw=
2,26,tdce4CvewT6ippQpW4cMUhAD72Q=,nmS/ldtldq+vgyB8zZjdA11iWNw=
4,27,A9CLbi5oUbMSs+zF71wbcjoPJFg=,Q6X4jlCi4ROAhvNIt4rlHK8nwd0=
5,29,ShOoWna6JlYwOORL1Q8rDJRqLzE=,dRrBbY/nfmXiPk8X7iss0UoxFtM=
4,29,ShOoWna6JlYwOORL1Q8rDJRqLzE=,dRrBbY/nfmXiPk8X7iss0UoxFtM=
5,28,ShOoWna6JlYwOORL1Q8rDJRqLzE=,dRrBbY/nfmXiPk8X7iss0UoxFtM=
4,28,ShOoWna6JlYwOORL1Q8rDJRqLzE=,dRrBbY/nfmXiPk8X7iss0UoxFtM=
5,26,A9CLbi5oUbMSs+zF71wbcjoPJFg=,Q6X4jlCi4ROAhvNIt4rlHK8nwd0=
4,26,A9CLbi5oUbMSs+zF71wbcjoPJFg=,Q6X4jlCi4ROAhvNIt4rlHK8nwd0=
3,28,tdce4CvewT6ippQpW4cMUhAD72Q=,zt/L2cEKXkOaFLCiBCX2RsuwXD4=
8,28,8ZQSo21HH3Iy0lTdiyvmmCNymqo=,Gvmi6P/LXOkE+1nsq3Yt8wqSVgQ=
9,28,8ZQSo21HH3Iy0lTdiyvmmCNymqo=,Gvmi6P/LXOkE+1nsq3Yt8wqSVgQ=
7,29,ShOoWna6JlYwOORL1Q8rDJRqLzE=,dRrBbY/nfmXiPk8X7iss0UoxFtM=
7,27,TcaGm594MFoYLjm82UegdR/AH6U=,Q6X4jlCi4ROAhvNIt4rlHK8nwd0=
6,29,ShOoWna6JlYwOORL1Q8rDJRqLzE=,dRrBbY/nfmXiPk8X7iss0UoxFtM=
6,28,ShOoWna6JlYwOORL1Q8rDJRqLzE=,dRrBbY/nfmXiPk8X7iss0UoxFtM=
6,27,TcaGm594MFoYLjm82UegdR/AH6U=,Q6X4jlCi4ROAhvNIt4rlHK8nwd0=
7,28,ShOoWna6JlYwOORL1Q8rDJRqLzE=,dRrBbY/nfmXiPk8X7iss0UoxFtM=
9,27,TcaGm594MFoYLjm82UegdR/AH6U=,i4O2Q2GkWbMtXjWfvN2yw0a5Rh0=
8,27,TcaGm594MFoYLjm82UegdR/AH6U=,i4O2Q2GkWbMtXjWfvN2yw0a5Rh0=
7,26,TcaGm594MFoYLjm82UegdR/AH6U=,Q6X4jlCi4ROAhvNIt4rlHK8nwd0=
6,26,TcaGm594MFoYLjm82UegdR/AH6U=,Q6X4jlCi4ROAhvNIt4rlHK8nwd0=
9,26,TcaGm594MFoYLjm82UegdR/AH6U=,i4O2Q2GkWbMtXjWfvN2yw0a5Rh0=
8,26,TcaGm594MFoYLjm82UegdR/AH6U=,i4O2Q2GkWbMtXjWfvN2yw0a5Rh0=
9,29,8ZQSo21HH3Iy0lTdiyvmmCNymqo=,Gvmi6P/LXOkE+1nsq3Yt8wqSVgQ=
8,29,8ZQSo21HH3Iy0lTdiyvmmCNymqo=,Gvmi6P/LXOkE+1nsq3Yt8wqSVgQ=
8,24,TcaGm594MFoYLjm82UegdR/AH6U=,i4O2Q2GkWbMtXjWfvN2yw0a5Rh0=
6,24,TcaGm594MFoYLjm82UegdR/AH6U=,Q6X4jlCi4ROAhvNIt4rlHK8nwd0=
9,24,TcaGm594MFoYLjm82UegdR/AH6U=,i4O2Q2GkWbMtXjWfvN2yw0a5Rh0=
7,24,TcaGm594MFoYLjm82UegdR/AH6U=,Q6X4jlCi4ROAhvNIt4rlHK8nwd0=
8,25,TcaGm594MFoYLjm82UegdR/AH6U=,i4O2Q2GkWbMtXjWfvN2yw0a5Rh0=
9,25,TcaGm594MFoYLjm82UegdR/AH6U=,i4O2Q2GkWbMtXjWfvN2yw0a5Rh0=
6,25,TcaGm594MFoYLjm82UegdR/AH6U=,Q6X4jlCi4ROAhvNIt4rlHK8nwd0=
6,22,/GdFbmIgoBLBphlHkQWDi5i3U2s=,0gVfgYAixk01pDykzYj2khYD74I=
7,25,TcaGm594MFoYLjm82UegdR/AH6U=,Q6X4jlCi4ROAhvNIt4rlHK8nwd0=
8,22,/GdFbmIgoBLBphlHkQWDi5i3U2s=,uhlpQ9QR5cUvkdzoCsb6YYYrUdE=
7,22,/GdFbmIgoBLBphlHkQWDi5i3U2s=,0gVfgYAixk01pDykzYj2khYD74I=
9,22,/GdFbmIgoBLBphlHkQWDi5i3U2s=,uhlpQ9QR5cUvkdzoCsb6YYYrUdE=
8,23,/GdFbmIgoBLBphlHkQWDi5i3U2s=,uhlpQ9QR5cUvkdzoCsb6YYYrUdE=
9,23,/GdFbmIgoBLBphlHkQWDi5i3U2s=,uhlpQ9QR5cUvkdzoCsb6YYYrUdE=
6,23,/GdFbmIgoBLBphlHkQWDi5i3U2s=,0gVfgYAixk01pDykzYj2khYD74I=
7,23,/GdFbmIgoBLBphlHkQWDi5i3U2s=,0gVfgYAixk01pDykzYj2khYD74I=
12,24,84X20nV99F51YjX9saP+899ux58=,sm/cyQRhZq1xsDYTfdhq8yZXQ70=
10,24,TcaGm594MFoYLjm82UegdR/AH6U=,i4O2Q2GkWbMtXjWfvN2yw0a5Rh0=
13,24,84X20nV99F51YjX9saP+899ux58=,sm/cyQRhZq1xsDYTfdhq8yZXQ70=
11,24,TcaGm594MFoYLjm82UegdR/AH6U=,i4O2Q2GkWbMtXjWfvN2yw0a5Rh0=
10,25,TcaGm594MFoYLjm82UegdR/AH6U=,i4O2Q2GkWbMtXjWfvN2yw0a5Rh0=
11,25,TcaGm594MFoYLjm82UegdR/AH6U=,i4O2Q2GkWbMtXjWfvN2yw0a5Rh0=
12,25,84X20nV99F51YjX9saP+899ux58=,sm/cyQRhZq1xsDYTfdhq8yZXQ70=
10,22,/GdFbmIgoBLBphlHkQWDi5i3U2s=,uhlpQ9QR5cUvkdzoCsb6YYYrUdE=
13,25,84X20nV99F51YjX9saP+899ux58=,sm/cyQRhZq1xsDYTfdhq8yZXQ70=
12,22,L9I7T2X5Kp3D3UKqUatrZscms7E=,1pUw0OGC7zHMIcINeOKiMT8I7f0=
11,22,/GdFbmIgoBLBphlHkQWDi5i3U2s=,uhlpQ9QR5cUvkdzoCsb6YYYrUdE=
13,22,L9I7T2X5Kp3D3UKqUatrZscms7E=,1pUw0OGC7zHMIcINeOKiMT8I7f0=
12,23,L9I7T2X5Kp3D3UKqUatrZscms7E=,1pUw0OGC7zHMIcINeOKiMT8I7f0=
10,23,/GdFbmIgoBLBphlHkQWDi5i3U2s=,uhlpQ9QR5cUvkdzoCsb6YYYrUdE=
13,23,L9I7T2X5Kp3D3UKqUatrZscms7E=,1pUw0OGC7zHMIcINeOKiMT8I7f0=
11,23,/GdFbmIgoBLBphlHkQWDi5i3U2s=,uhlpQ9QR5cUvkdzoCsb6YYYrUdE=
12,28,84X20nV99F51YjX9saP+899ux58=,dtZ240gehyQYtSw9LG6UQbnWCqs=
13,28,84X20nV99F51YjX9saP+899ux58=,dtZ240gehyQYtSw9LG6UQbnWCqs=
12,29,84X20nV99F51YjX9saP+899ux58=,dtZ240gehyQYtSw9LG6UQbnWCqs=
10,28,8ZQSo21HH3Iy0lTdiyvmmCNymqo=,Gvmi6P/LXOkE+1nsq3Yt8wqSVgQ=
11,28,8ZQSo21HH3Iy0lTdiyvmmCNymqo=,Gvmi6P/LXOkE+1nsq3Yt8wqSVgQ=
10,29,8ZQSo21HH3Iy0lTdiyvmmCNymqo=,Gvmi6P/LXOkE+1nsq3Yt8wqSVgQ=
13,29,84X20nV99F51YjX9saP+899ux58=,dtZ240gehyQYtSw9LG6UQbnWCqs=
11,29,8ZQSo21HH3Iy0lTdiyvmmCNymqo=,Gvmi6P/LXOkE+1nsq3Yt8wqSVgQ=
12,26,84X20nV99F51YjX9saP+899ux58=,sm/cyQRhZq1xsDYTfdhq8yZXQ70=
10,26,TcaGm594MFoYLjm82UegdR/AH6U=,i4O2Q2GkWbMtXjWfvN2yw0a5Rh0=
11,26,TcaGm594MFoYLjm82UegdR/AH6U=,i4O2Q2GkWbMtXjWfvN2yw0a5Rh0=
13,26,84X20nV99F51YjX9saP+899ux58=,sm/cyQRhZq1xsDYTfdhq8yZXQ70=
12,27,84X20nV99F51YjX9saP+899ux58=,sm/cyQRhZq1xsDYTfdhq8yZXQ70=
13,27,84X20nV99F51YjX9saP+899ux58=,sm/cyQRhZq1xsDYTfdhq8yZXQ70=
10,27,TcaGm594MFoYLjm82UegdR/AH6U=,i4O2Q2GkWbMtXjWfvN2yw0a5Rh0=
11,27,TcaGm594MFoYLjm82UegdR/AH6U=,i4O2Q2GkWbMtXjWfvN2yw0a5Rh0=
8,20,knGNDAUQQg4hQePzURnoIY+COzk=,uhlpQ9QR5cUvkdzoCsb6YYYrUdE=
6,20,knGNDAUQQg4hQePzURnoIY+COzk=,0gVfgYAixk01pDykzYj2khYD74I=
6,18,knGNDAUQQg4hQePzURnoIY+COzk=,OfQOuS77ZiJ/htc1WEv5sGX/QxI=
9,20,knGNDAUQQg4hQePzURnoIY+COzk=,uhlpQ9QR5cUvkdzoCsb6YYYrUdE=
7,20,knGNDAUQQg4hQePzURnoIY+COzk=,0gVfgYAixk01pDykzYj2khYD74I=
6,21,knGNDAUQQg4hQePzURnoIY+COzk=,0gVfgYAixk01pDykzYj2khYD74I=
7,21,knGNDAUQQg4hQePzURnoIY+COzk=,0gVfgYAixk01pDykzYj2khYD74I=
9,19,knGNDAUQQg4hQePzURnoIY+COzk=,SAhaQzuQ0XVIMcdCjDkbcnZYH4U=
8,21,knGNDAUQQg4hQePzURnoIY+COzk=,uhlpQ9QR5cUvkdzoCsb6YYYrUdE=
8,19,knGNDAUQQg4hQePzURnoIY+COzk=,SAhaQzuQ0XVIMcdCjDkbcnZYH4U=
7,19,knGNDAUQQg4hQePzURnoIY+COzk=,OfQOuS77ZiJ/htc1WEv5sGX/QxI=
6,19,knGNDAUQQg4hQePzURnoIY+COzk=,OfQOuS77ZiJ/htc1WEv5sGX/QxI=
9,18,knGNDAUQQg4hQePzURnoIY+COzk=,SAhaQzuQ0XVIMcdCjDkbcnZYH4U=
8,18,knGNDAUQQg4hQePzURnoIY+COzk=,SAhaQzuQ0XVIMcdCjDkbcnZYH4U=
7,18,knGNDAUQQg4hQePzURnoIY+COzk=,OfQOuS77ZiJ/htc1WEv5sGX/QxI=
9,21,knGNDAUQQg4hQePzURnoIY+COzk=,uhlpQ9QR5cUvkdzoCsb6YYYrUdE=
4,24,A9CLbi5oUbMSs+zF71wbcjoPJFg=,Q6X4jlCi4ROAhvNIt4rlHK8nwd0=
5,24,A9CLbi5oUbMSs+zF71wbcjoPJFg=,Q6X4jlCi4ROAhvNIt4rlHK8nwd0=
4,22,wKT1GzaDF3M4tiOEtDnukoIdeeM=,0gVfgYAixk01pDykzYj2khYD74I=
4,25,A9CLbi5oUbMSs+zF71wbcjoPJFg=,Q6X4jlCi4ROAhvNIt4rlHK8nwd0=
5,25,A9CLbi5oUbMSs+zF71wbcjoPJFg=,Q6X4jlCi4ROAhvNIt4rlHK8nwd0=
5,22,wKT1GzaDF3M4tiOEtDnukoIdeeM=,0gVfgYAixk01pDykzYj2khYD74I=
2,22,L9I7T2X5Kp3D3UKqUatrZscms7E=,nQMGNdZHEVyd+C8EiBF72E73LCk=
3,22,L9I7T2X5Kp3D3UKqUatrZscms7E=,nQMGNdZHEVyd+C8EiBF72E73LCk=
4,23,wKT1GzaDF3M4tiOEtDnukoIdeeM=,0gVfgYAixk01pDykzYj2khYD74I=
5,23,wKT1GzaDF3M4tiOEtDnukoIdeeM=,0gVfgYAixk01pDykzYj2khYD74I=
2,24,84X20nV99F51YjX9saP+899ux58=,nmS/ldtldq+vgyB8zZjdA11iWNw=
3,24,84X20nV99F51YjX9saP+899ux58=,nmS/ldtldq+vgyB8zZjdA11iWNw=
2,23,L9I7T2X5Kp3D3UKqUatrZscms7E=,nQMGNdZHEVyd+C8EiBF72E73LCk=
2,25,84X20nV99F51YjX9saP+899ux58=,nmS/ldtldq+vgyB8zZjdA11iWNw=
3,25,84X20nV99F51YjX9saP+899ux58=,nmS/ldtldq+vgyB8zZjdA11iWNw=
3,23,L9I7T2X5Kp3D3UKqUatrZscms7E=,nQMGNdZHEVyd+C8EiBF72E73LCk=
4,18,wKT1GzaDF3M4tiOEtDnukoIdeeM=,OfQOuS77ZiJ/htc1WEv5sGX/QxI=
5,18,wKT1GzaDF3M4tiOEtDnukoIdeeM=,OfQOuS77ZiJ/htc1WEv5sGX/QxI=
4,20,wKT1GzaDF3M4tiOEtDnukoIdeeM=,0gVfgYAixk01pDykzYj2khYD74I=
5,20,wKT1GzaDF3M4tiOEtDnukoIdeeM=,0gVfgYAixk01pDykzYj2khYD74I=
3,19,SLELw0vlZlfzYUF5KRapFIX0avc=,afFnYtytYc/Wuxa7KJUfPQPEg4E=
3,21,L9I7T2X5Kp3D3UKqUatrZscms7E=,nQMGNdZHEVyd+C8EiBF72E73LCk=
2,21,L9I7T2X5Kp3D3UKqUatrZscms7E=,nQMGNdZHEVyd+C8EiBF72E73LCk=
2,19,SLELw0vlZlfzYUF5KRapFIX0avc=,afFnYtytYc/Wuxa7KJUfPQPEg4E=
5,19,wKT1GzaDF3M4tiOEtDnukoIdeeM=,OfQOuS77ZiJ/htc1WEv5sGX/QxI=
4,19,wKT1GzaDF3M4tiOEtDnukoIdeeM=,OfQOuS77ZiJ/htc1WEv5sGX/QxI=
5,21,wKT1GzaDF3M4tiOEtDnukoIdeeM=,0gVfgYAixk01pDykzYj2khYD74I=
3,20,L9I7T2X5Kp3D3UKqUatrZscms7E=,nQMGNdZHEVyd+C8EiBF72E73LCk=
2,20,L9I7T2X5Kp3D3UKqUatrZscms7E=,nQMGNdZHEVyd+C8EiBF72E73LCk=
4,21,wKT1GzaDF3M4tiOEtDnukoIdeeM=,0gVfgYAixk01pDykzYj2khYD74I=
3,18,SLELw0vlZlfzYUF5KRapFIX0avc=,afFnYtytYc/Wuxa7KJUfPQPEg4E=
2,18,SLELw0vlZlfzYUF5KRapFIX0avc=,afFnYtytYc/Wuxa7KJUfPQPEg4E=
8,16,/GdFbmIgoBLBphlHkQWDi5i3U2s=,SAhaQzuQ0XVIMcdCjDkbcnZYH4U=
6,16,/GdFbmIgoBLBphlHkQWDi5i3U2s=,OfQOuS77ZiJ/htc1WEv5sGX/QxI=
7,16,/GdFbmIgoBLBphlHkQWDi5i3U2s=,OfQOuS77ZiJ/htc1WEv5sGX/QxI=
9,16,/GdFbmIgoBLBphlHkQWDi5i3U2s=,SAhaQzuQ0XVIMcdCjDkbcnZYH4U=
8,17,/GdFbmIgoBLBphlHkQWDi5i3U2s=,SAhaQzuQ0XVIMcdCjDkbcnZYH4U=
9,17,/GdFbmIgoBLBphlHkQWDi5i3U2s=,SAhaQzuQ0XVIMcdCjDkbcnZYH4U=
6,17,/GdFbmIgoBLBphlHkQWDi5i3U2s=,OfQOuS77ZiJ/htc1WEv5sGX/QxI=
7,17,/GdFbmIgoBLBphlHkQWDi5i3U2s=,OfQOuS77ZiJ/htc1WEv5sGX/QxI=
4,30,ShOoWna6JlYwOORL1Q8rDJRqLzE=,dRrBbY/nfmXiPk8X7iss0UoxFtM=
5,30,ShOoWna6JlYwOORL1Q8rDJRqLzE=,dRrBbY/nfmXiPk8X7iss0UoxFtM=
2,31,rmSKZM9LXedSXrwbxXeTMlLaT+4=,zt/L2cEKXkOaFLCiBCX2RsuwXD4=
4,31,ShOoWna6JlYwOORL1Q8rDJRqLzE=,dRrBbY/nfmXiPk8X7iss0UoxFtM=
5,31,ShOoWna6JlYwOORL1Q8rDJRqLzE=,dRrBbY/nfmXiPk8X7iss0UoxFtM=
3,31,rmSKZM9LXedSXrwbxXeTMlLaT+4=,zt/L2cEKXkOaFLCiBCX2RsuwXD4=
2,30,rmSKZM9LXedSXrwbxXeTMlLaT+4=,zt/L2cEKXkOaFLCiBCX2RsuwXD4=
3,30,rmSKZM9LXedSXrwbxXeTMlLaT+4=,zt/L2cEKXkOaFLCiBCX2RsuwXD4=
0,18,SLELw0vlZlfzYUF5KRapFIX0avc=,afFnYtytYc/Wuxa7KJUfPQPEg4E=
1,18,SLELw0vlZlfzYUF5KRapFIX0avc=,afFnYtytYc/Wuxa7KJUfPQPEg4E=
0,19,SLELw0vlZlfzYUF5KRapFIX0avc=,afFnYtytYc/Wuxa7KJUfPQPEg4E=
0,20,L9I7T2X5Kp3D3UKqUatrZscms7E=,nQMGNdZHEVyd+C8EiBF72E73LCk=
1,20,L9I7T2X5Kp3D3UKqUatrZscms7E=,nQMGNdZHEVyd+C8EiBF72E73LCk=
0,21,L9I7T2X5Kp3D3UKqUatrZscms7E=,nQMGNdZHEVyd+C8EiBF72E73LCk=
1,19,SLELw0vlZlfzYUF5KRapFIX0avc=,afFnYtytYc/Wuxa7KJUfPQPEg4E=
1,21,L9I7T2X5Kp3D3UKqUatrZscms7E=,nQMGNdZHEVyd+C8EiBF72E73LCk=
14,24,rmSKZM9LXedSXrwbxXeTMlLaT+4=,sm/cyQRhZq1xsDYTfdhq8yZXQ70=
15,24,rmSKZM9LXedSXrwbxXeTMlLaT+4=,sm/cyQRhZq1xsDYTfdhq8yZXQ70=
14,25,rmSKZM9LXedSXrwbxXeTMlLaT+4=,sm/cyQRhZq1xsDYTfdhq8yZXQ70=
15,25,rmSKZM9LXedSXrwbxXeTMlLaT+4=,sm/cyQRhZq1xsDYTfdhq8yZXQ70=
15,22,L9I7T2X5Kp3D3UKqUatrZscms7E=,1pUw0OGC7zHMIcINeOKiMT8I7f0=
14,23,L9I7T2X5Kp3D3UKqUatrZscms7E=,1pUw0OGC7zHMIcINeOKiMT8I7f0=
15,23,L9I7T2X5Kp3D3UKqUatrZscms7E=,1pUw0OGC7zHMIcINeOKiMT8I7f0=
14,22,L9I7T2X5Kp3D3UKqUatrZscms7E=,1pUw0OGC7zHMIcINeOKiMT8I7f0=
0,28,rmSKZM9LXedSXrwbxXeTMlLaT+4=,zt/L2cEKXkOaFLCiBCX2RsuwXD4=
1,28,rmSKZM9LXedSXrwbxXeTMlLaT+4=,zt/L2cEKXkOaFLCiBCX2RsuwXD4=
0,22,gymIZVO4vPg4Fxvi6SFOyXR1iLU=,nQMGNdZHEVyd+C8EiBF72E73LCk=
1,22,gymIZVO4vPg4Fxvi6SFOyXR1iLU=,nQMGNdZHEVyd+C8EiBF72E73LCk=
0,26,rmSKZM9LXedSXrwbxXeTMlLaT+4=,nmS/ldtldq+vgyB8zZjdA11iWNw=
1,26,rmSKZM9LXedSXrwbxXeTMlLaT+4=,nmS/ldtldq+vgyB8zZjdA11iWNw=
0,24,rmSKZM9LXedSXrwbxXeTMlLaT+4=,nmS/ldtldq+vgyB8zZjdA11iWNw=
0,23,gymIZVO4vPg4Fxvi6SFOyXR1iLU=,nQMGNdZHEVyd+C8EiBF72E73LCk=
1,24,rmSKZM9LXedSXrwbxXeTMlLaT+4=,nmS/ldtldq+vgyB8zZjdA11iWNw=
0,25,rmSKZM9LXedSXrwbxXeTMlLaT+4=,nmS/ldtldq+vgyB8zZjdA11iWNw=
0,29,rmSKZM9LXedSXrwbxXeTMlLaT+4=,zt/L2cEKXkOaFLCiBCX2RsuwXD4=
1,25,rmSKZM9LXedSXrwbxXeTMlLaT+4=,nmS/ldtldq+vgyB8zZjdA11iWNw=
1,29,rmSKZM9LXedSXrwbxXeTMlLaT+4=,zt/L2cEKXkOaFLCiBCX2RsuwXD4=
1,23,gymIZVO4vPg4Fxvi6SFOyXR1iLU=,nQMGNdZHEVyd+C8EiBF72E73LCk=
0,27,rmSKZM9LXedSXrwbxXeTMlLaT+4=,nmS/ldtldq+vgyB8zZjdA11iWNw=
1,27,rmSKZM9LXedSXrwbxXeTMlLaT+4=,nmS/ldtldq+vgyB8zZjdA11iWNw=
6,30,ShOoWna6JlYwOORL1Q8rDJRqLzE=,dRrBbY/nfmXiPk8X7iss0UoxFtM=
7,30,ShOoWna6JlYwOORL1Q8rDJRqLzE=,dRrBbY/nfmXiPk8X7iss0UoxFtM=
12,30,rmSKZM9LXedSXrwbxXeTMlLaT+4=,dtZ240gehyQYtSw9LG6UQbnWCqs=
13,30,rmSKZM9LXedSXrwbxXeTMlLaT+4=,dtZ240gehyQYtSw9LG6UQbnWCqs=
10,30,8ZQSo21HH3Iy0lTdiyvmmCNymqo=,Gvmi6P/LXOkE+1nsq3Yt8wqSVgQ=
11,30,8ZQSo21HH3Iy0lTdiyvmmCNymqo=,Gvmi6P/LXOkE+1nsq3Yt8wqSVgQ=
12,31,rmSKZM9LXedSXrwbxXeTMlLaT+4=,dtZ240gehyQYtSw9LG6UQbnWCqs=
13,31,rmSKZM9LXedSXrwbxXeTMlLaT+4=,dtZ240gehyQYtSw9LG6UQbnWCqs=
10,31,8ZQSo21HH3Iy0lTdiyvmmCNymqo=,Gvmi6P/LXOkE+1nsq3Yt8wqSVgQ=
11,31,8ZQSo21HH3Iy0lTdiyvmmCNymqo=,Gvmi6P/LXOkE+1nsq3Yt8wqSVgQ=
7,31,ShOoWna6JlYwOORL1Q8rDJRqLzE=,dRrBbY/nfmXiPk8X7iss0UoxFtM=
9,31,8ZQSo21HH3Iy0lTdiyvmmCNymqo=,Gvmi6P/LXOkE+1nsq3Yt8wqSVgQ=
6,31,ShOoWna6JlYwOORL1Q8rDJRqLzE=,dRrBbY/nfmXiPk8X7iss0UoxFtM=
8,31,8ZQSo21HH3Iy0lTdiyvmmCNymqo=,Gvmi6P/LXOkE+1nsq3Yt8wqSVgQ=
9,30,8ZQSo21HH3Iy0lTdiyvmmCNymqo=,Gvmi6P/LXOkE+1nsq3Yt8wqSVgQ=
8,30,8ZQSo21HH3Iy0lTdiyvmmCNymqo=,Gvmi6P/LXOkE+1nsq3Yt8wqSVgQ=
14,28,rmSKZM9LXedSXrwbxXeTMlLaT+4=,dtZ240gehyQYtSw9LG6UQbnWCqs=
15,28,rmSKZM9LXedSXrwbxXeTMlLaT+4=,dtZ240gehyQYtSw9LG6UQbnWCqs=
14,29,rmSKZM9LXedSXrwbxXeTMlLaT+4=,dtZ240gehyQYtSw9LG6UQbnWCqs=
15,29,rmSKZM9LXedSXrwbxXeTMlLaT+4=,dtZ240gehyQYtSw9LG6UQbnWCqs=
14,26,rmSKZM9LXedSXrwbxXeTMlLaT+4=,sm/cyQRhZq1xsDYTfdhq8yZXQ70=
15,26,rmSKZM9LXedSXrwbxXeTMlLaT+4=,sm/cyQRhZq1xsDYTfdhq8yZXQ70=
14,27,rmSKZM9LXedSXrwbxXeTMlLaT+4=,sm/cyQRhZq1xsDYTfdhq8yZXQ70=
15,27,rmSKZM9LXedSXrwbxXeTMlLaT+4=,sm/cyQRhZq1xsDYTfdhq8yZXQ70=
0,30,rmSKZM9LXedSXrwbxXeTMlLaT+4=,zt/L2cEKXkOaFLCiBCX2RsuwXD4=
1,30,rmSKZM9LXedSXrwbxXeTMlLaT+4=,zt/L2cEKXkOaFLCiBCX2RsuwXD4=
0,31,rmSKZM9LXedSXrwbxXeTMlLaT+4=,zt/L2cEKXkOaFLCiBCX2RsuwXD4=
1,31,rmSKZM9LXedSXrwbxXeTMlLaT+4=,zt/L2cEKXkOaFLCiBCX2RsuwXD4=
14,30,rmSKZM9LXedSXrwbxXeTMlLaT+4=,dtZ240gehyQYtSw9LG6UQbnWCqs=
15,30,rmSKZM9LXedSXrwbxXeTMlLaT+4=,dtZ240gehyQYtSw9LG6UQbnWCqs=
14,31,rmSKZM9LXedSXrwbxXeTMlLaT+4=,dtZ240gehyQYtSw9LG6UQbnWCqs=
15,31,rmSKZM9LXedSXrwbxXeTMlLaT+4=,dtZ240gehyQYtSw9LG6UQbnWCqs=
4,16,wKT1GzaDF3M4tiOEtDnukoIdeeM=,OfQOuS77ZiJ/htc1WEv5sGX/QxI=
5,16,wKT1GzaDF3M4tiOEtDnukoIdeeM=,OfQOuS77ZiJ/htc1WEv5sGX/QxI=
4,17,wKT1GzaDF3M4tiOEtDnukoIdeeM=,OfQOuS77ZiJ/htc1WEv5sGX/QxI=
5,17,wKT1GzaDF3M4tiOEtDnukoIdeeM=,OfQOuS77ZiJ/htc1WEv5sGX/QxI=
0,16,SLELw0vlZlfzYUF5KRapFIX0avc=,afFnYtytYc/Wuxa7KJUfPQPEg4E=
1,16,SLELw0vlZlfzYUF5KRapFIX0avc=,afFnYtytYc/Wuxa7KJUfPQPEg4E=
0,17,SLELw0vlZlfzYUF5KRapFIX0avc=,afFnYtytYc/Wuxa7KJUfPQPEg4E=
1,17,SLELw0vlZlfzYUF5KRapFIX0avc=,afFnYtytYc/Wuxa7KJUfPQPEg4E=
2,16,SLELw0vlZlfzYUF5KRapFIX0avc=,afFnYtytYc/Wuxa7KJUfPQPEg4E=
2,17,SLELw0vlZlfzYUF5KRapFIX0avc=,afFnYtytYc/Wuxa7KJUfPQPEg4E=
3,16,SLELw0vlZlfzYUF5KRapFIX0avc=,afFnYtytYc/Wuxa7KJUfPQPEg4E=
3,17,SLELw0vlZlfzYUF5KRapFIX0avc=,afFnYtytYc/Wuxa7KJUfPQPEg4E=
12,16,/GdFbmIgoBLBphlHkQWDi5i3U2s=,iHUuPc8zuPdDv71fqEdNsBf1p3I=
11,19,/GdFbmIgoBLBphlHkQWDi5i3U2s=,SAhaQzuQ0XVIMcdCjDkbcnZYH4U=
10,19,knGNDAUQQg4hQePzURnoIY+COzk=,SAhaQzuQ0XVIMcdCjDkbcnZYH4U=
13,19,/GdFbmIgoBLBphlHkQWDi5i3U2s=,iHUuPc8zuPdDv71fqEdNsBf1p3I=
12,19,/GdFbmIgoBLBphlHkQWDi5i3U2s=,iHUuPc8zuPdDv71fqEdNsBf1p3I=
11,18,knGNDAUQQg4hQePzURnoIY+COzk=,SAhaQzuQ0XVIMcdCjDkbcnZYH4U=
10,18,knGNDAUQQg4hQePzURnoIY+COzk=,SAhaQzuQ0XVIMcdCjDkbcnZYH4U=
15,19,wKT1GzaDF3M4tiOEtDnukoIdeeM=,iHUuPc8zuPdDv71fqEdNsBf1p3I=
14,19,wKT1GzaDF3M4tiOEtDnukoIdeeM=,iHUuPc8zuPdDv71fqEdNsBf1p3I=
13,18,/GdFbmIgoBLBphlHkQWDi5i3U2s=,iHUuPc8zuPdDv71fqEdNsBf1p3I=
12,18,/GdFbmIgoBLBphlHkQWDi5i3U2s=,iHUuPc8zuPdDv71fqEdNsBf1p3I=
11,17,/GdFbmIgoBLBphlHkQWDi5i3U2s=,SAhaQzuQ0XVIMcdCjDkbcnZYH4U=
15,21,gymIZVO4vPg4Fxvi6SFOyXR1iLU=,1pUw0OGC7zHMIcINeOKiMT8I7f0=
14,21,gymIZVO4vPg4Fxvi6SFOyXR1iLU=,1pUw0OGC7zHMIcINeOKiMT8I7f0=
10,17,/GdFbmIgoBLBphlHkQWDi5i3U2s=,SAhaQzuQ0XVIMcdCjDkbcnZYH4U=
13,21,1tBbo1H03WZJOb2OhCW2ZGCxD7k=,1pUw0OGC7zHMIcINeOKiMT8I7f0=
11,16,/GdFbmIgoBLBphlHkQWDi5i3U2s=,SAhaQzuQ0XVIMcdCjDkbcnZYH4U=
10,16,/GdFbmIgoBLBphlHkQWDi5i3U2s=,SAhaQzuQ0XVIMcdCjDkbcnZYH4U=
11,21,/GdFbmIgoBLBphlHkQWDi5i3U2s=,uhlpQ9QR5cUvkdzoCsb6YYYrUdE=
15,18,wKT1GzaDF3M4tiOEtDnukoIdeeM=,iHUuPc8zuPdDv71fqEdNsBf1p3I=
10,21,/GdFbmIgoBLBphlHkQWDi5i3U2s=,uhlpQ9QR5cUvkdzoCsb6YYYrUdE=
12,21,1tBbo1H03WZJOb2OhCW2ZGCxD7k=,1pUw0OGC7zHMIcINeOKiMT8I7f0=
15,20,gymIZVO4vPg4Fxvi6SFOyXR1iLU=,1pUw0OGC7zHMIcINeOKiMT8I7f0=
13,17,/GdFbmIgoBLBphlHkQWDi5i3U2s=,iHUuPc8zuPdDv71fqEdNsBf1p3I=
14,20,gymIZVO4vPg4Fxvi6SFOyXR1iLU=,1pUw0OGC7zHMIcINeOKiMT8I7f0=
11,20,knGNDAUQQg4hQePzURnoIY+COzk=,uhlpQ9QR5cUvkdzoCsb6YYYrUdE=
10,20,knGNDAUQQg4hQePzURnoIY+COzk=,uhlpQ9QR5cUvkdzoCsb6YYYrUdE=
12,17,/GdFbmIgoBLBphlHkQWDi5i3U2s=,iHUuPc8zuPdDv71fqEdNsBf1p3I=
13,20,1tBbo1H03WZJOb2OhCW2ZGCxD7k=,1pUw0OGC7zHMIcINeOKiMT8I7f0=
12,20,1tBbo1H03WZJOb2OhCW2ZGCxD7k=,1pUw0OGC7zHMIcINeOKiMT8I7f0=
15,17,wKT1GzaDF3M4tiOEtDnukoIdeeM=,iHUuPc8zuPdDv71fqEdNsBf1p3I=
14,18,wKT1GzaDF3M4tiOEtDnukoIdeeM=,iHUuPc8zuPdDv71fqEdNsBf1p3I=
13,16,/GdFbmIgoBLBphlHkQWDi5i3U2s=,iHUuPc8zuPdDv71fqEdNsBf1p3I=
15,16,wKT1GzaDF3M4tiOEtDnukoIdeeM=,iHUuPc8zuPdDv71fqEdNsBf1p3I=
14,17,wKT1GzaDF3M4tiOEtDnukoIdeeM=,iHUuPc8zuPdDv71fqEdNsBf1p3I=
14,16,wKT1GzaDF3M4tiOEtDnukoIdeeM=,iHUuPc8zuPdDv71fqEdNsBf1p3I=
22,20,4t6h2ql6a6YoQ4HmxV3KtdrjBc4=,6O2RrIQIbbqFys/B9rtmkpanp6s=
23,19,MhOq3U17Fw22EmnzbkHYabcRpZU=,E1X/BZUwOHYcJmezunQplZgvqus=
22,19,MhOq3U17Fw22EmnzbkHYabcRpZU=,E1X/BZUwOHYcJmezunQplZgvqus=
23,21,4t6h2ql6a6YoQ4HmxV3KtdrjBc4=,6O2RrIQIbbqFys/B9rtmkpanp6s=
22,21,4t6h2ql6a6YoQ4HmxV3KtdrjBc4=,6O2RrIQIbbqFys/B9rtmkpanp6s=
23,18,MhOq3U17Fw22EmnzbkHYabcRpZU=,E1X/BZUwOHYcJmezunQplZgvqus=
22,18,MhOq3U17Fw22EmnzbkHYabcRpZU=,E1X/BZUwOHYcJmezunQplZgvqus=
25,19,MhOq3U17Fw22EmnzbkHYabcRpZU=,Oibj/U/OF9jlTvizwSm7Eh9A0ZA=
24,19,MhOq3U17Fw22EmnzbkHYabcRpZU=,Oibj/U/OF9jlTvizwSm7Eh9A0ZA=
25,18,MhOq3U17Fw22EmnzbkHYabcRpZU=,Oibj/U/OF9jlTvizwSm7Eh9A0ZA=
24,18,MhOq3U17Fw22EmnzbkHYabcRpZU=,Oibj/U/OF9jlTvizwSm7Eh9A0ZA=
23,20,4t6h2ql6a6YoQ4HmxV3KtdrjBc4=,6O2RrIQIbbqFys/B9rtmkpanp6s=
16,22,k1d19DHMy1co28S3BxaMQqJ30sI=,gZ8/tgpUvm1C8Xd4ZuigadFdD5c=
22,17,MhOq3U17Fw22EmnzbkHYabcRpZU=,E1X/BZUwOHYcJmezunQplZgvqus=
23,17,MhOq3U17Fw22EmnzbkHYabcRpZU=,E1X/BZUwOHYcJmezunQplZgvqus=
24,17,MhOq3U17Fw22EmnzbkHYabcRpZU=,Oibj/U/OF9jlTvizwSm7Eh9A0ZA=
25,17,MhOq3U17Fw22EmnzbkHYabcRpZU=,Oibj/U/OF9jlTvizwSm7Eh9A0ZA=
24,16,MhOq3U17Fw22EmnzbkHYabcRpZU=,Oibj/U/OF9jlTvizwSm7Eh9A0ZA=
25,16,MhOq3U17Fw22EmnzbkHYabcRpZU=,Oibj/U/OF9jlTvizwSm7Eh9A0ZA=
22,16,MhOq3U17Fw22EmnzbkHYabcRpZU=,E1X/BZUwOHYcJmezunQplZgvqus=
28,16,mXegry2dKf/SwcNyJGWGIpZnJ5Q=,BHnfpEJXoD597phTbULlfe0wu8Q=
23,16,MhOq3U17Fw22EmnzbkHYabcRpZU=,E1X/BZUwOHYcJmezunQplZgvqus=
29,16,mXegry2dKf/SwcNyJGWGIpZnJ5Q=,BHnfpEJXoD597phTbULlfe0wu8Q=
28,17,mXegry2dKf/SwcNyJGWGIpZnJ5Q=,BHnfpEJXoD597phTbULlfe0wu8Q=
29,17,mXegry2dKf/SwcNyJGWGIpZnJ5Q=,BHnfpEJXoD597phTbULlfe0wu8Q=
26,17,MhOq3U17Fw22EmnzbkHYabcRpZU=,Oibj/U/OF9jlTvizwSm7Eh9A0ZA=
26,16,MhOq3U17Fw22EmnzbkHYabcRpZU=,Oibj/U/OF9jlTvizwSm7Eh9A0ZA=
27,17,MhOq3U17Fw22EmnzbkHYabcRpZU=,Oibj/U/OF9jlTvizwSm7Eh9A0ZA=
27,16,MhOq3U17Fw22EmnzbkHYabcRpZU=,Oibj/U/OF9jlTvizwSm7Eh9A0ZA=
17,22,k1d19DHMy1co28S3BxaMQqJ30sI=,gZ8/tgpUvm1C8Xd4ZuigadFdD5c=
17,23,k1d19DHMy1co28S3BxaMQqJ30sI=,gZ8/tgpUvm1C8Xd4ZuigadFdD5c=
16,23,k1d19DHMy1co28S3BxaMQqJ30sI=,gZ8/tgpUvm1C8Xd4ZuigadFdD5c=
28,18,mXegry2dKf/SwcNyJGWGIpZnJ5Q=,BHnfpEJXoD597phTbULlfe0wu8Q=
29,18,mXegry2dKf/SwcNyJGWGIpZnJ5Q=,BHnfpEJXoD597phTbULlfe0wu8Q=
26,18,Cgoil0PAeyfQaxm3CcgFPpMaADw=,Oibj/U/OF9jlTvizwSm7Eh9A0ZA=
27,18,Cgoil0PAeyfQaxm3CcgFPpMaADw=,Oibj/U/OF9jlTvizwSm7Eh9A0ZA=
26,19,Cgoil0PAeyfQaxm3CcgFPpMaADw=,Oibj/U/OF9jlTvizwSm7Eh9A0ZA=
29,19,mXegry2dKf/SwcNyJGWGIpZnJ5Q=,BHnfpEJXoD597phTbULlfe0wu8Q=
28,19,mXegry2dKf/SwcNyJGWGIpZnJ5Q=,BHnfpEJXoD597phTbULlfe0wu8Q=
27,19,Cgoil0PAeyfQaxm3CcgFPpMaADw=,Oibj/U/OF9jlTvizwSm7Eh9A0ZA=
30,18,mXegry2dKf/SwcNyJGWGIpZnJ5Q=,BHnfpEJXoD597phTbULlfe0wu8Q=
31,18,mXegry2dKf/SwcNyJGWGIpZnJ5Q=,BHnfpEJXoD597phTbULlfe0wu8Q=
30,19,mXegry2dKf/SwcNyJGWGIpZnJ5Q=,BHnfpEJXoD597phTbULlfe0wu8Q=
31,19,mXegry2dKf/SwcNyJGWGIpZnJ5Q=,BHnfpEJXoD597phTbULlfe0wu8Q=
30,16,mXegry2dKf/SwcNyJGWGIpZnJ5Q=,BHnfpEJXoD597phTbULlfe0wu8Q=
31,16,mXegry2dKf/SwcNyJGWGIpZnJ5Q=,BHnfpEJXoD597phTbULlfe0wu8Q=
30,17,mXegry2dKf/SwcNyJGWGIpZnJ5Q=,BHnfpEJXoD597phTbULlfe0wu8Q=
31,17,mXegry2dKf/SwcNyJGWGIpZnJ5Q=,BHnfpEJXoD597phTbULlfe0wu8Q=
20,22,IQNVumV7LFlPgP+5yGFUWITBZQw=,6O2RrIQIbbqFys/B9rtmkpanp6s=
21,22,k1d19DHMy1co28S3BxaMQqJ30sI=,6O2RrIQIbbqFys/B9rtmkpanp6s=
20,23,k1d19DHMy1co28S3BxaMQqJ30sI=,6O2RrIQIbbqFys/B9rtmkpanp6s=
19,23,k1d19DHMy1co28S3BxaMQqJ30sI=,gZ8/tgpUvm1C8Xd4ZuigadFdD5c=
18,23,k1d19DHMy1co28S3BxaMQqJ30sI=,gZ8/tgpUvm1C8Xd4ZuigadFdD5c=
19,22,k1d19DHMy1co28S3BxaMQqJ30sI=,gZ8/tgpUvm1C8Xd4ZuigadFdD5c=
18,22,k1d19DHMy1co28S3BxaMQqJ30sI=,gZ8/tgpUvm1C8Xd4ZuigadFdD5c=
21,23,k1d19DHMy1co28S3BxaMQqJ30sI=,6O2RrIQIbbqFys/B9rtmkpanp6s=
22,22,k1d19DHMy1co28S3BxaMQqJ30sI=,6O2RrIQIbbqFys/B9rtmkpanp6s=
23,22,k1d19DHMy1co28S3BxaMQqJ30sI=,6O2RrIQIbbqFys/B9rtmkpanp6s=
23,23,k1d19DHMy1co28S3BxaMQqJ30sI=,6O2RrIQIbbqFys/B9rtmkpanp6s=
22,23,k1d19DHMy1co28S3BxaMQqJ30sI=,6O2RrIQIbbqFys/B9rtmkpanp6s=
19,21,k1d19DHMy1co28S3BxaMQqJ30sI=,gZ8/tgpUvm1C8Xd4ZuigadFdD5c=
21,19,MhOq3U17Fw22EmnzbkHYabcRpZU=,E1X/BZUwOHYcJmezunQplZgvqus=
18,18,k1d19DHMy1co28S3BxaMQqJ30sI=,CxnWT1rR/KEUUlsHuMDCK8EFvgk=
19,18,k1d19DHMy1co28S3BxaMQqJ30sI=,CxnWT1rR/KEUUlsHuMDCK8EFvgk=
20,17,MhOq3U17Fw22EmnzbkHYabcRpZU=,E1X/BZUwOHYcJmezunQplZgvqus=
21,17,MhOq3U17Fw22EmnzbkHYabcRpZU=,E1X/BZUwOHYcJmezunQplZgvqus=
16,17,k1d19DHMy1co28S3BxaMQqJ30sI=,CxnWT1rR/KEUUlsHuMDCK8EFvgk=
20,19,MhOq3U17Fw22EmnzbkHYabcRpZU=,E1X/BZUwOHYcJmezunQplZgvqus=
18,21,k1d19DHMy1co28S3BxaMQqJ30sI=,gZ8/tgpUvm1C8Xd4ZuigadFdD5c=
17,17,k1d19DHMy1co28S3BxaMQqJ30sI=,CxnWT1rR/KEUUlsHuMDCK8EFvgk=
16,20,k1d19DHMy1co28S3BxaMQqJ30sI=,gZ8/tgpUvm1C8Xd4ZuigadFdD5c=
17,20,k1d19DHMy1co28S3BxaMQqJ30sI=,gZ8/tgpUvm1C8Xd4ZuigadFdD5c=
19,20,k1d19DHMy1co28S3BxaMQqJ30sI=,gZ8/tgpUvm1C8Xd4ZuigadFdD5c=
19,17,k1d19DHMy1co28S3BxaMQqJ30sI=,CxnWT1rR/KEUUlsHuMDCK8EFvgk=
18,20,k1d19DHMy1co28S3BxaMQqJ30sI=,gZ8/tgpUvm1C8Xd4ZuigadFdD5c=
21,16,MhOq3U17Fw22EmnzbkHYabcRpZU=,E1X/BZUwOHYcJmezunQplZgvqus=
18,17,k1d19DHMy1co28S3BxaMQqJ30sI=,CxnWT1rR/KEUUlsHuMDCK8EFvgk=
20,20,k1d19DHMy1co28S3BxaMQqJ30sI=,6O2RrIQIbbqFys/B9rtmkpanp6s=
21,20,k1d19DHMy1co28S3BxaMQqJ30sI=,6O2RrIQIbbqFys/B9rtmkpanp6s=
20,16,MhOq3U17Fw22EmnzbkHYabcRpZU=,E1X/BZUwOHYcJmezunQplZgvqus=
16,21,k1d19DHMy1co28S3BxaMQqJ30sI=,gZ8/tgpUvm1C8Xd4ZuigadFdD5c=
17,21,k1d19DHMy1co28S3BxaMQqJ30sI=,gZ8/tgpUvm1C8Xd4ZuigadFdD5c=
17,18,k1d19DHMy1co28S3BxaMQqJ30sI=,CxnWT1rR/KEUUlsHuMDCK8EFvgk=
16,18,k1d19DHMy1co28S3BxaMQqJ30sI=,CxnWT1rR/KEUUlsHuMDCK8EFvgk=
21,21,k1d19DHMy1co28S3BxaMQqJ30sI=,6O2RrIQIbbqFys/B9rtmkpanp6s=
20,21,k1d19DHMy1co28S3BxaMQqJ30sI=,6O2RrIQIbbqFys/B9rtmkpanp6s=
18,19,k1d19DHMy1co28S3BxaMQqJ30sI=,CxnWT1rR/KEUUlsHuMDCK8EFvgk=
16,19,k1d19DHMy1co28S3BxaMQqJ30sI=,CxnWT1rR/KEUUlsHuMDCK8EFvgk=
17,19,k1d19DHMy1co28S3BxaMQqJ30sI=,CxnWT1rR/KEUUlsHuMDCK8EFvgk=
19,19,k1d19DHMy1co28S3BxaMQqJ30sI=,CxnWT1rR/KEUUlsHuMDCK8EFvgk=
21,18,MhOq3U17Fw22EmnzbkHYabcRpZU=,E1X/BZUwOHYcJmezunQplZgvqus=
16,16,k1d19DHMy1co28S3BxaMQqJ30sI=,CxnWT1rR/KEUUlsHuMDCK8EFvgk=
18,16,k1d19DHMy1co28S3BxaMQqJ30sI=,CxnWT1rR/KEUUlsHuMDCK8EFvgk=
20,18,MhOq3U17Fw22EmnzbkHYabcRpZU=,E1X/BZUwOHYcJmezunQplZgvqus=
17,16,k1d19DHMy1co28S3BxaMQqJ30sI=,CxnWT1rR/KEUUlsHuMDCK8EFvgk=
19,16,k1d19DHMy1co28S3BxaMQqJ30sI=,CxnWT1rR/KEUUlsHuMDCK8EFvgk=
28,12,ueU7ea5fEcTnYheySaIAhXCvcZ4=,bHr9zyTKjDzJkoSJV7sagLZgqyQ=
29,12,ueU7ea5fEcTnYheySaIAhXCvcZ4=,bHr9zyTKjDzJkoSJV7sagLZgqyQ=
26,10,ueU7ea5fEcTnYheySaIAhXCvcZ4=,p4afMEN8eOw8Lro6d3iM0AorYVA=
27,10,ueU7ea5fEcTnYheySaIAhXCvcZ4=,p4afMEN8eOw8Lro6d3iM0AorYVA=
26,13,RBziu9vJI5bveg+zNXI89nnu3lI=,aO7gZu104PwViFvIOVymZjPr9Rs=
27,13,RBziu9vJI5bveg+zNXI89nnu3lI=,aO7gZu104PwViFvIOVymZjPr9Rs=
28,13,ueU7ea5fEcTnYheySaIAhXCvcZ4=,bHr9zyTKjDzJkoSJV7sagLZgqyQ=
29,13,ueU7ea5fEcTnYheySaIAhXCvcZ4=,bHr9zyTKjDzJkoSJV7sagLZgqyQ=
26,11,ueU7ea5fEcTnYheySaIAhXCvcZ4=,p4afMEN8eOw8Lro6d3iM0AorYVA=
28,10,ueU7ea5fEcTnYheySaIAhXCvcZ4=,UHWvrmYCpfFs4v2MkVfqlmWEfnY=
27,11,ueU7ea5fEcTnYheySaIAhXCvcZ4=,p4afMEN8eOw8Lro6d3iM0AorYVA=
29,10,ueU7ea5fEcTnYheySaIAhXCvcZ4=,UHWvrmYCpfFs4v2MkVfqlmWEfnY=
26,12,RBziu9vJI5bveg+zNXI89nnu3lI=,aO7gZu104PwViFvIOVymZjPr9Rs=
27,12,RBziu9vJI5bveg+zNXI89nnu3lI=,aO7gZu104PwViFvIOVymZjPr9Rs=
28,11,ueU7ea5fEcTnYheySaIAhXCvcZ4=,UHWvrmYCpfFs4v2MkVfqlmWEfnY=
29,11,ueU7ea5fEcTnYheySaIAhXCvcZ4=,UHWvrmYCpfFs4v2MkVfqlmWEfnY=
24,10,ueU7ea5fEcTnYheySaIAhXCvcZ4=,p4afMEN8eOw8Lro6d3iM0AorYVA=
25,10,ueU7ea5fEcTnYheySaIAhXCvcZ4=,p4afMEN8eOw8Lro6d3iM0AorYVA=
24,13,37NXwTB6f4uGBpD6jNIxgCvCW0Y=,aO7gZu104PwViFvIOVymZjPr9Rs=
25,13,37NXwTB6f4uGBpD6jNIxgCvCW0Y=,aO7gZu104PwViFvIOVymZjPr9Rs=
24,11,ueU7ea5fEcTnYheySaIAhXCvcZ4=,p4afMEN8eOw8Lro6d3iM0AorYVA=
25,11,ueU7ea5fEcTnYheySaIAhXCvcZ4=,p4afMEN8eOw8Lro6d3iM0AorYVA=
23,10,ueU7ea5fEcTnYheySaIAhXCvcZ4=,J/3E4P18X+d9sEeryweGKEpaxac=
22,10,ueU7ea5fEcTnYheySaIAhXCvcZ4=,J/3E4P18X+d9sEeryweGKEpaxac=
23,13,37NXwTB6f4uGBpD6jNIxgCvCW0Y=,SMQUCO85ooheL4MTX7lGXIUmhQA=
25,12,37NXwTB6f4uGBpD6jNIxgCvCW0Y=,aO7gZu104PwViFvIOVymZjPr9Rs=
22,13,37NXwTB6f4uGBpD6jNIxgCvCW0Y=,SMQUCO85ooheL4MTX7lGXIUmhQA=
24,12,37NXwTB6f4uGBpD6jNIxgCvCW0Y=,aO7gZu104PwViFvIOVymZjPr9Rs=
23,12,37NXwTB6f4uGBpD6jNIxgCvCW0Y=,SMQUCO85ooheL4MTX7lGXIUmhQA=
22,11,ueU7ea5fEcTnYheySaIAhXCvcZ4=,J/3E4P18X+d9sEeryweGKEpaxac=
23,11,ueU7ea5fEcTnYheySaIAhXCvcZ4=,J/3E4P18X+d9sEeryweGKEpaxac=
22,12,37NXwTB6f4uGBpD6jNIxgCvCW0Y=,SMQUCO85ooheL4MTX7lGXIUmhQA=
24,8,SwqBVIxE/i0UBbWJxCuHls/PN2s=,p4afMEN8eOw8Lro6d3iM0AorYVA=
25,8,SwqBVIxE/i0UBbWJxCuHls/PN2s=,p4afMEN8eOw8Lro6d3iM0AorYVA=
23,8,2flbV8OXlmym0URxIV9YL8ovUaA=,J/3E4P18X+d9sEeryweGKEpaxac=
22,6,2flbV8OXlmym0URxIV9YL8ovUaA=,wcT1rRfzFF+oolRVvDbo2w6TUTc=
22,8,SwqBVIxE/i0UBbWJxCuHls/PN2s=,J/3E4P18X+d9sEeryweGKEpaxac=
25,9,2flbV8OXlmym0URxIV9YL8ovUaA=,p4afMEN8eOw8Lro6d3iM0AorYVA=
25,7,5KxDgd7TgilZw1B/6eTeF/xxRjg=,o+OZVaCiztcH6pMR4d+/ydSha9E=
24,7,5KxDgd7TgilZw1B/6eTeF/xxRjg=,o+OZVaCiztcH6pMR4d+/ydSha9E=
24,9,2flbV8OXlmym0URxIV9YL8ovUaA=,p4afMEN8eOw8Lro6d3iM0AorYVA=
23,9,2flbV8OXlmym0URxIV9YL8ovUaA=,J/3E4P18X+d9sEeryweGKEpaxac=
22,9,2flbV8OXlmym0URxIV9YL8ovUaA=,J/3E4P18X+d9sEeryweGKEpaxac=
23,7,2flbV8OXlmym0URxIV9YL8ovUaA=,wcT1rRfzFF+oolRVvDbo2w6TUTc=
25,6,5KxDgd7TgilZw1B/6eTeF/xxRjg=,o+OZVaCiztcH6pMR4d+/ydSha9E=
23,6,2flbV8OXlmym0URxIV9YL8ovUaA=,wcT1rRfzFF+oolRVvDbo2w6TUTc=
24,6,5KxDgd7TgilZw1B/6eTeF/xxRjg=,o+OZVaCiztcH6pMR4d+/ydSha9E=
22,7,2flbV8OXlmym0URxIV9YL8ovUaA=,wcT1rRfzFF+oolRVvDbo2w6TUTc=
20,11,IgShx2UOkSECNswR8/3QfxUDo34=,J/3E4P18X+d9sEeryweGKEpaxac=
18,12,p/v2dk/VetKlCmBsexWkvK4t5Kc=,RFOUKtVmYp6KKTuXIa+xG+ffiHQ=
19,12,p/v2dk/VetKlCmBsexWkvK4t5Kc=,RFOUKtVmYp6KKTuXIa+xG+ffiHQ=
21,11,IgShx2UOkSECNswR8/3QfxUDo34=,J/3E4P18X+d9sEeryweGKEpaxac=
21,10,IgShx2UOkSECNswR8/3QfxUDo34=,J/3E4P18X+d9sEeryweGKEpaxac=
19,11,05KUaoK4qQhhGiLGfawXh21adf8=,f2P0I9aFaBfwaR/x8UB5ugIc5Po=
18,11,05KUaoK4qQhhGiLGfawXh21adf8=,f2P0I9aFaBfwaR/x8UB5ugIc5Po=
20,10,IgShx2UOkSECNswR8/3QfxUDo34=,J/3E4P18X+d9sEeryweGKEpaxac=
20,12,37NXwTB6f4uGBpD6jNIxgCvCW0Y=,SMQUCO85ooheL4MTX7lGXIUmhQA=
21,13,37NXwTB6f4uGBpD6jNIxgCvCW0Y=,SMQUCO85ooheL4MTX7lGXIUmhQA=
21,12,37NXwTB6f4uGBpD6jNIxgCvCW0Y=,SMQUCO85ooheL4MTX7lGXIUmhQA=
18,13,p/v2dk/VetKlCmBsexWkvK4t5Kc=,RFOUKtVmYp6KKTuXIa+xG+ffiHQ=
20,13,37NXwTB6f4uGBpD6jNIxgCvCW0Y=,SMQUCO85ooheL4MTX7lGXIUmhQA=
19,13,p/v2dk/VetKlCmBsexWkvK4t5Kc=,RFOUKtVmYp6KKTuXIa+xG+ffiHQ=
19,10,05KUaoK4qQhhGiLGfawXh21adf8=,f2P0I9aFaBfwaR/x8UB5ugIc5Po=
18,10,05KUaoK4qQhhGiLGfawXh21adf8=,f2P0I9aFaBfwaR/x8UB5ugIc5Po=
19,8,05KUaoK4qQhhGiLGfawXh21adf8=,f2P0I9aFaBfwaR/x8UB5ugIc5Po=
19,6,RVv0lxEa+oh5Bx8cBsuwnY4q8cA=,j6ISIDkxqrHMcf1+gaEOEwMdQi0=
18,6,RVv0lxEa+oh5Bx8cBsuwnY4q8cA=,j6ISIDkxqrHMcf1+gaEOEwMdQi0=
21,8,HtqojYryuzK7LMJZ08jUdXxE50M=,J/3E4P18X+d9sEeryweGKEpaxac=
20,8,HtqojYryuzK7LMJZ08jUdXxE50M=,J/3E4P18X+d9sEeryweGKEpaxac=
18,9,05KUaoK4qQhhGiLGfawXh21adf8=,f2P0I9aFaBfwaR/x8UB5ugIc5Po=
19,9,05KUaoK4qQhhGiLGfawXh21adf8=,f2P0I9aFaBfwaR/x8UB5ugIc5Po=
18,8,05KUaoK4qQhhGiLGfawXh21adf8=,f2P0I9aFaBfwaR/x8UB5ugIc5Po=
21,7,HtqojYryuzK7LMJZ08jUdXxE50M=,wcT1rRfzFF+oolRVvDbo2w6TUTc=
18,7,RVv0lxEa+oh5Bx8cBsuwnY4q8cA=,j6ISIDkxqrHMcf1+gaEOEwMdQi0=
19,7,RVv0lxEa+oh5Bx8cBsuwnY4q8cA=,j6ISIDkxqrHMcf1+gaEOEwMdQi0=
20,6,HtqojYryuzK7LMJZ08jUdXxE50M=,wcT1rRfzFF+oolRVvDbo2w6TUTc=
21,6,HtqojYryuzK7LMJZ08jUdXxE50M=,wcT1rRfzFF+oolRVvDbo2w6TUTc=
20,9,HtqojYryuzK7LMJZ08jUdXxE50M=,J/3E4P18X+d9sEeryweGKEpaxac=
20,7,HtqojYryuzK7LMJZ08jUdXxE50M=,wcT1rRfzFF+oolRVvDbo2w6TUTc=
21,9,HtqojYryuzK7LMJZ08jUdXxE50M=,J/3E4P18X+d9sEeryweGKEpaxac=
16,8,05KUaoK4qQhhGiLGfawXh21adf8=,f2P0I9aFaBfwaR/x8UB5ugIc5Po=
17,6,RVv0lxEa+oh5Bx8cBsuwnY4q8cA=,j6ISIDkxqrHMcf1+gaEOEwMdQi0=
16,6,RVv0lxEa+oh5Bx8cBsuwnY4q8cA=,j6ISIDkxqrHMcf1+gaEOEwMdQi0=
20,5,T5eAQPwahMVKFo//byLG9WhkEpQ=,wcT1rRfzFF+oolRVvDbo2w6TUTc=
21,5,T5eAQPwahMVKFo//byLG9WhkEpQ=,wcT1rRfzFF+oolRVvDbo2w6TUTc=
18,5,RVv0lxEa+oh5Bx8cBsuwnY4q8cA=,j6ISIDkxqrHMcf1+gaEOEwMdQi0=
19,5,RVv0lxEa+oh5Bx8cBsuwnY4q8cA=,j6ISIDkxqrHMcf1+gaEOEwMdQi0=
20,4,T5eAQPwahMVKFo//byLG9WhkEpQ=,wcT1rRfzFF+oolRVvDbo2w6TUTc=
17,8,05KUaoK4qQhhGiLGfawXh21adf8=,f2P0I9aFaBfwaR/x8UB5ugIc5Po=
21,4,T5eAQPwahMVKFo//byLG9WhkEpQ=,wcT1rRfzFF+oolRVvDbo2w6TUTc=
20,2,dVU8EW9sL7CPsuQ1bfiMxFdhRy0=,JXzq3dg9gFzXp8wRlKC2wNi16MA=
21,2,dVU8EW9sL7CPsuQ1bfiMxFdhRy0=,JXzq3dg9gFzXp8wRlKC2wNi16MA=
18,2,RVv0lxEa+oh5Bx8cBsuwnY4q8cA=,oQf3LbX7DNyoi7CAQmW9+5D6Q34=
19,2,RVv0lxEa+oh5Bx8cBsuwnY4q8cA=,oQf3LbX7DNyoi7CAQmW9+5D6Q34=
20,3,dVU8EW9sL7CPsuQ1bfiMxFdhRy0=,JXzq3dg9gFzXp8wRlKC2wNi16MA=
21,3,dVU8EW9sL7CPsuQ1bfiMxFdhRy0=,JXzq3dg9gFzXp8wRlKC2wNi16MA=
18,3,RVv0lxEa+oh5Bx8cBsuwnY4q8cA=,oQf3LbX7DNyoi7CAQmW9+5D6Q34=
19,3,RVv0lxEa+oh5Bx8cBsuwnY4q8cA=,oQf3LbX7DNyoi7CAQmW9+5D6Q34=
16,7,RVv0lxEa+oh5Bx8cBsuwnY4q8cA=,j6ISIDkxqrHMcf1+gaEOEwMdQi0=
18,4,RVv0lxEa+oh5Bx8cBsuwnY4q8cA=,j6ISIDkxqrHMcf1+gaEOEwMdQi0=
19,4,RVv0lxEa+oh5Bx8cBsuwnY4q8cA=,j6ISIDkxqrHMcf1+gaEOEwMdQi0=
17,7,RVv0lxEa+oh5Bx8cBsuwnY4q8cA=,j6ISIDkxqrHMcf1+gaEOEwMdQi0=
17,9,05KUaoK4qQhhGiLGfawXh21adf8=,f2P0I9aFaBfwaR/x8UB5ugIc5Po=
16,9,05KUaoK4qQhhGiLGfawXh21adf8=,f2P0I9aFaBfwaR/x8UB5ugIc5Po=
20,1,CCUbVueDZVE09+aWWtrpUgjWz/o=,JXzq3dg9gFzXp8wRlKC2wNi16MA=
21,0,CCUbVueDZVE09+aWWtrpUgjWz/o=,JXzq3dg9gFzXp8wRlKC2wNi16MA=
19,0,RVv0lxEa+oh5Bx8cBsuwnY4q8cA=,oQf3LbX7DNyoi7CAQmW9+5D6Q34=
18,1,RVv0lxEa+oh5Bx8cBsuwnY4q8cA=,oQf3LbX7DNyoi7CAQmW9+5D6Q34=
21,1,CCUbVueDZVE09+aWWtrpUgjWz/o=,JXzq3dg9gFzXp8wRlKC2wNi16MA=
20,0,CCUbVueDZVE09+aWWtrpUgjWz/o=,JXzq3dg9gFzXp8wRlKC2wNi16MA=
24,4,+DSpTIXkXZqC3dBKKFYHU55ZNTM=,o+OZVaCiztcH6pMR4d+/ydSha9E=
25,4,+DSpTIXkXZqC3dBKKFYHU55ZNTM=,o+OZVaCiztcH6pMR4d+/ydSha9E=
24,2,HU0NPt+oxPjmg6P/WizbEHpwsQc=,OAJTzUWqe10cDtaB1JMl5OtzOwA=
25,2,HU0NPt+oxPjmg6P/WizbEHpwsQc=,OAJTzUWqe10cDtaB1JMl5OtzOwA=
19,1,RVv0lxEa+oh5Bx8cBsuwnY4q8cA=,oQf3LbX7DNyoi7CAQmW9+5D6Q34=
22,5,T5eAQPwahMVKFo//byLG9WhkEpQ=,wcT1rRfzFF+oolRVvDbo2w6TUTc=
23,5,T5eAQPwahMVKFo//byLG9WhkEpQ=,wcT1rRfzFF+oolRVvDbo2w6TUTc=
24,5,+DSpTIXkXZqC3dBKKFYHU55ZNTM=,o+OZVaCiztcH6pMR4d+/ydSha9E=
25,5,+DSpTIXkXZqC3dBKKFYHU55ZNTM=,o+OZVaCiztcH6pMR4d+/ydSha9E=
18,0,RVv0lxEa+oh5Bx8cBsuwnY4q8cA=,oQf3LbX7DNyoi7CAQmW9+5D6Q34=
22,4,T5eAQPwahMVKFo//byLG9WhkEpQ=,wcT1rRfzFF+oolRVvDbo2w6TUTc=
23,4,T5eAQPwahMVKFo//byLG9WhkEpQ=,wcT1rRfzFF+oolRVvDbo2w6TUTc=
22,2,CCUbVueDZVE09+aWWtrpUgjWz/o=,JXzq3dg9gFzXp8wRlKC2wNi16MA=
23,2,CCUbVueDZVE09+aWWtrpUgjWz/o=,JXzq3dg9gFzXp8wRlKC2wNi16MA=
24,3,HU0NPt+oxPjmg6P/WizbEHpwsQc=,OAJTzUWqe10cDtaB1JMl5OtzOwA=
25,3,HU0NPt+oxPjmg6P/WizbEHpwsQc=,OAJTzUWqe10cDtaB1JMl5OtzOwA=
22,3,CCUbVueDZVE09+aWWtrpUgjWz/o=,JXzq3dg9gFzXp8wRlKC2wNi16MA=
23,3,CCUbVueDZVE09+aWWtrpUgjWz/o=,JXzq3dg9gFzXp8wRlKC2wNi16MA=
28,4,5uXXCEgbx4OX/GyTbBQQ/aoPClY=,3FxHNWB/5z24BGjO8xSaOycuT5I=
29,4,5uXXCEgbx4OX/GyTbBQQ/aoPClY=,3FxHNWB/5z24BGjO8xSaOycuT5I=
30,4,5uXXCEgbx4OX/GyTbBQQ/aoPClY=,3FxHNWB/5z24BGjO8xSaOycuT5I=
31,4,5uXXCEgbx4OX/GyTbBQQ/aoPClY=,3FxHNWB/5z24BGjO8xSaOycuT5I=
31,3,Sh5GP8RH81qKIwzeYJsRy7Vfhn4=,FBHCl2QjO5Q2AZNfSxjfFKHht+M=
28,8,EjAIggqc3yhzGrjxR6p7zXFxrHQ=,UHWvrmYCpfFs4v2MkVfqlmWEfnY=
29,8,EjAIggqc3yhzGrjxR6p7zXFxrHQ=,UHWvrmYCpfFs4v2MkVfqlmWEfnY=
27,9,EjAIggqc3yhzGrjxR6p7zXFxrHQ=,p4afMEN8eOw8Lro6d3iM0AorYVA=
27,3,OwuNVSRB535dWVeQwZli1g1tJMk=,OAJTzUWqe10cDtaB1JMl5OtzOwA=
28,9,EjAIggqc3yhzGrjxR6p7zXFxrHQ=,UHWvrmYCpfFs4v2MkVfqlmWEfnY=
29,9,EjAIggqc3yhzGrjxR6p7zXFxrHQ=,UHWvrmYCpfFs4v2MkVfqlmWEfnY=
26,4,+DSpTIXkXZqC3dBKKFYHU55ZNTM=,o+OZVaCiztcH6pMR4d+/ydSha9E=
27,4,+DSpTIXkXZqC3dBKKFYHU55ZNTM=,o+OZVaCiztcH6pMR4d+/ydSha9E=
26,2,OwuNVSRB535dWVeQwZli1g1tJMk=,OAJTzUWqe10cDtaB1JMl5OtzOwA=
27,2,OwuNVSRB535dWVeQwZli1g1tJMk=,OAJTzUWqe10cDtaB1JMl5OtzOwA=
26,5,+DSpTIXkXZqC3dBKKFYHU55ZNTM=,o+OZVaCiztcH6pMR4d+/ydSha9E=
26,8,EjAIggqc3yhzGrjxR6p7zXFxrHQ=,p4afMEN8eOw8Lro6d3iM0AorYVA=
28,5,5uXXCEgbx4OX/GyTbBQQ/aoPClY=,3FxHNWB/5z24BGjO8xSaOycuT5I=
29,5,5uXXCEgbx4OX/GyTbBQQ/aoPClY=,3FxHNWB/5z24BGjO8xSaOycuT5I=
28,2,O1tApGIqbvDZ09MKMteSXQw4gPQ=,FBHCl2QjO5Q2AZNfSxjfFKHht+M=
30,5,5uXXCEgbx4OX/GyTbBQQ/aoPClY=,3FxHNWB/5z24BGjO8xSaOycuT5I=
27,5,+DSpTIXkXZqC3dBKKFYHU55ZNTM=,o+OZVaCiztcH6pMR4d+/ydSha9E=
31,5,5uXXCEgbx4OX/GyTbBQQ/aoPClY=,3FxHNWB/5z24BGjO8xSaOycuT5I=
28,6,EjAIggqc3yhzGrjxR6p7zXFxrHQ=,3FxHNWB/5z24BGjO8xSaOycuT5I=
29,6,EjAIggqc3yhzGrjxR6p7zXFxrHQ=,3FxHNWB/5z24BGjO8xSaOycuT5I=
29,2,O1tApGIqbvDZ09MKMteSXQw4gPQ=,FBHCl2QjO5Q2AZNfSxjfFKHht+M=
30,2,Sh5GP8RH81qKIwzeYJsRy7Vfhn4=,FBHCl2QjO5Q2AZNfSxjfFKHht+M=
31,2,Sh5GP8RH81qKIwzeYJsRy7Vfhn4=,FBHCl2QjO5Q2AZNfSxjfFKHht+M=
26,9,EjAIggqc3yhzGrjxR6p7zXFxrHQ=,p4afMEN8eOw8Lro6d3iM0AorYVA=
27,8,EjAIggqc3yhzGrjxR6p7zXFxrHQ=,p4afMEN8eOw8Lro6d3iM0AorYVA=
26,6,qPANPt002EbMFjLc8qkAbxDqcoc=,o+OZVaCiztcH6pMR4d+/ydSha9E=
27,6,qPANPt002EbMFjLc8qkAbxDqcoc=,o+OZVaCiztcH6pMR4d+/ydSha9E=
26,7,qPANPt002EbMFjLc8qkAbxDqcoc=,o+OZVaCiztcH6pMR4d+/ydSha9E=
28,7,EjAIggqc3yhzGrjxR6p7zXFxrHQ=,3FxHNWB/5z24BGjO8xSaOycuT5I=
29,7,EjAIggqc3yhzGrjxR6p7zXFxrHQ=,3FxHNWB/5z24BGjO8xSaOycuT5I=
28,3,O1tApGIqbvDZ09MKMteSXQw4gPQ=,FBHCl2QjO5Q2AZNfSxjfFKHht+M=
29,3,O1tApGIqbvDZ09MKMteSXQw4gPQ=,FBHCl2QjO5Q2AZNfSxjfFKHht+M=
30,3,Sh5GP8RH81qKIwzeYJsRy7Vfhn4=,FBHCl2QjO5Q2AZNfSxjfFKHht+M=
26,3,OwuNVSRB535dWVeQwZli1g1tJMk=,OAJTzUWqe10cDtaB1JMl5OtzOwA=
27,7,qPANPt002EbMFjLc8qkAbxDqcoc=,o+OZVaCiztcH6pMR4d+/ydSha9E=
17,3,RVv0lxEa+oh5Bx8cBsuwnY4q8cA=,oQf3LbX7DNyoi7CAQmW9+5D6Q34=
16,3,RVv0lxEa+oh5Bx8cBsuwnY4q8cA=,oQf3LbX7DNyoi7CAQmW9+5D6Q34=
16,5,RVv0lxEa+oh5Bx8cBsuwnY4q8cA=,j6ISIDkxqrHMcf1+gaEOEwMdQi0=
17,4,RVv0lxEa+oh5Bx8cBsuwnY4q8cA=,j6ISIDkxqrHMcf1+gaEOEwMdQi0=
17,2,RVv0lxEa+oh5Bx8cBsuwnY4q8cA=,oQf3LbX7DNyoi7CAQmW9+5D6Q34=
16,4,RVv0lxEa+oh5Bx8cBsuwnY4q8cA=,j6ISIDkxqrHMcf1+gaEOEwMdQi0=
17,5,RVv0lxEa+oh5Bx8cBsuwnY4q8cA=,j6ISIDkxqrHMcf1+gaEOEwMdQi0=
16,2,RVv0lxEa+oh5Bx8cBsuwnY4q8cA=,oQf3LbX7DNyoi7CAQmW9+5D6Q34=
26,14,ie7ELBYJ9QACF3bpEnS7hiPKwOU=,aO7gZu104PwViFvIOVymZjPr9Rs=
27,14,ie7ELBYJ9QACF3bpEnS7hiPKwOU=,aO7gZu104PwViFvIOVymZjPr9Rs=
28,14,T5eAQPwahMVKFo//byLG9WhkEpQ=,bHr9zyTKjDzJkoSJV7sagLZgqyQ=
29,14,T5eAQPwahMVKFo//byLG9WhkEpQ=,bHr9zyTKjDzJkoSJV7sagLZgqyQ=
26,15,ie7ELBYJ9QACF3bpEnS7hiPKwOU=,aO7gZu104PwViFvIOVymZjPr9Rs=
27,15,ie7ELBYJ9QACF3bpEnS7hiPKwOU=,aO7gZu104PwViFvIOVymZjPr9Rs=
28,15,T5eAQPwahMVKFo//byLG9WhkEpQ=,bHr9zyTKjDzJkoSJV7sagLZgqyQ=
29,15,T5eAQPwahMVKFo//byLG9WhkEpQ=,bHr9zyTKjDzJkoSJV7sagLZgqyQ=
30,14,5uXXCEgbx4OX/GyTbBQQ/aoPClY=,bHr9zyTKjDzJkoSJV7sagLZgqyQ=
31,15,5uXXCEgbx4OX/GyTbBQQ/aoPClY=,bHr9zyTKjDzJkoSJV7sagLZgqyQ=
30,15,5uXXCEgbx4OX/GyTbBQQ/aoPClY=,bHr9zyTKjDzJkoSJV7sagLZgqyQ=
31,14,5uXXCEgbx4OX/GyTbBQQ/aoPClY=,bHr9zyTKjDzJkoSJV7sagLZgqyQ=
30,8,5uXXCEgbx4OX/GyTbBQQ/aoPClY=,UHWvrmYCpfFs4v2MkVfqlmWEfnY=
30,12,ueU7ea5fEcTnYheySaIAhXCvcZ4=,bHr9zyTKjDzJkoSJV7sagLZgqyQ=
31,12,ueU7ea5fEcTnYheySaIAhXCvcZ4=,bHr9zyTKjDzJkoSJV7sagLZgqyQ=
30,11,ueU7ea5fEcTnYheySaIAhXCvcZ4=,UHWvrmYCpfFs4v2MkVfqlmWEfnY=
31,8,5uXXCEgbx4OX/GyTbBQQ/aoPClY=,UHWvrmYCpfFs4v2MkVfqlmWEfnY=
30,13,ueU7ea5fEcTnYheySaIAhXCvcZ4=,bHr9zyTKjDzJkoSJV7sagLZgqyQ=
31,11,ueU7ea5fEcTnYheySaIAhXCvcZ4=,UHWvrmYCpfFs4v2MkVfqlmWEfnY=
31,7,5uXXCEgbx4OX/GyTbBQQ/aoPClY=,3FxHNWB/5z24BGjO8xSaOycuT5I=
30,7,5uXXCEgbx4OX/GyTbBQQ/aoPClY=,3FxHNWB/5z24BGjO8xSaOycuT5I=
30,10,ueU7ea5fEcTnYheySaIAhXCvcZ4=,UHWvrmYCpfFs4v2MkVfqlmWEfnY=
31,6,5uXXCEgbx4OX/GyTbBQQ/aoPClY=,3FxHNWB/5z24BGjO8xSaOycuT5I=
30,6,5uXXCEgbx4OX/GyTbBQQ/aoPClY=,3FxHNWB/5z24BGjO8xSaOycuT5I=
31,10,ueU7ea5fEcTnYheySaIAhXCvcZ4=,UHWvrmYCpfFs4v2MkVfqlmWEfnY=
31,9,5uXXCEgbx4OX/GyTbBQQ/aoPClY=,UHWvrmYCpfFs4v2MkVfqlmWEfnY=
31,13,ueU7ea5fEcTnYheySaIAhXCvcZ4=,bHr9zyTKjDzJkoSJV7sagLZgqyQ=
30,9,5uXXCEgbx4OX/GyTbBQQ/aoPClY=,UHWvrmYCpfFs4v2MkVfqlmWEfnY=
24,14,37NXwTB6f4uGBpD6jNIxgCvCW0Y=,aO7gZu104PwViFvIOVymZjPr9Rs=
25,14,37NXwTB6f4uGBpD6jNIxgCvCW0Y=,aO7gZu104PwViFvIOVymZjPr9Rs=
24,15,37NXwTB6f4uGBpD6jNIxgCvCW0Y=,aO7gZu104PwViFvIOVymZjPr9Rs=
22,14,37NXwTB6f4uGBpD6jNIxgCvCW0Y=,SMQUCO85ooheL4MTX7lGXIUmhQA=
25,15,37NXwTB6f4uGBpD6jNIxgCvCW0Y=,aO7gZu104PwViFvIOVymZjPr9Rs=
23,14,37NXwTB6f4uGBpD6jNIxgCvCW0Y=,SMQUCO85ooheL4MTX7lGXIUmhQA=
22,15,37NXwTB6f4uGBpD6jNIxgCvCW0Y=,SMQUCO85ooheL4MTX7lGXIUmhQA=
23,15,37NXwTB6f4uGBpD6jNIxgCvCW0Y=,SMQUCO85ooheL4MTX7lGXIUmhQA=
24,1,HU0NPt+oxPjmg6P/WizbEHpwsQc=,OAJTzUWqe10cDtaB1JMl5OtzOwA=
25,1,HU0NPt+oxPjmg6P/WizbEHpwsQc=,OAJTzUWqe10cDtaB1JMl5OtzOwA=
22,1,CCUbVueDZVE09+aWWtrpUgjWz/o=,JXzq3dg9gFzXp8wRlKC2wNi16MA=
25,0,UStMEkcV6//F26s27kY+4LFgsQA=,OAJTzUWqe10cDtaB1JMl5OtzOwA=
24,0,UStMEkcV6//F26s27kY+4LFgsQA=,OAJTzUWqe10cDtaB1JMl5OtzOwA=
23,0,CCUbVueDZVE09+aWWtrpUgjWz/o=,JXzq3dg9gFzXp8wRlKC2wNi16MA=
22,0,CCUbVueDZVE09+aWWtrpUgjWz/o=,JXzq3dg9gFzXp8wRlKC2wNi16MA=
23,1,CCUbVueDZVE09+aWWtrpUgjWz/o=,JXzq3dg9gFzXp8wRlKC2wNi16MA=
28,0,Sh5GP8RH81qKIwzeYJsRy7Vfhn4=,FBHCl2QjO5Q2AZNfSxjfFKHht+M=
29,0,Sh5GP8RH81qKIwzeYJsRy7Vfhn4=,FBHCl2QjO5Q2AZNfSxjfFKHht+M=
30,0,Sh5GP8RH81qKIwzeYJsRy7Vfhn4=,FBHCl2QjO5Q2AZNfSxjfFKHht+M=
31,0,Sh5GP8RH81qKIwzeYJsRy7Vfhn4=,FBHCl2QjO5Q2AZNfSxjfFKHht+M=
26,1,PUUrcS4M4OtPiQtkM2kmVc5j9D0=,OAJTzUWqe10cDtaB1JMl5OtzOwA=
27,1,PUUrcS4M4OtPiQtkM2kmVc5j9D0=,OAJTzUWqe10cDtaB1JMl5OtzOwA=
28,1,Sh5GP8RH81qKIwzeYJsRy7Vfhn4=,FBHCl2QjO5Q2AZNfSxjfFKHht+M=
29,1,Sh5GP8RH81qKIwzeYJsRy7Vfhn4=,FBHCl2QjO5Q2AZNfSxjfFKHht+M=
30,1,Sh5GP8RH81qKIwzeYJsRy7Vfhn4=,FBHCl2QjO5Q2AZNfSxjfFKHht+M=
31,1,Sh5GP8RH81qKIwzeYJsRy7Vfhn4=,FBHCl2QjO5Q2AZNfSxjfFKHht+M=
26,0,PUUrcS4M4OtPiQtkM2kmVc5j9D0=,OAJTzUWqe10cDtaB1JMl5OtzOwA=
27,0,PUUrcS4M4OtPiQtkM2kmVc5j9D0=,OAJTzUWqe10cDtaB1JMl5OtzOwA=
21,15,37NXwTB6f4uGBpD6jNIxgCvCW0Y=,SMQUCO85ooheL4MTX7lGXIUmhQA=
20,14,37NXwTB6f4uGBpD6jNIxgCvCW0Y=,SMQUCO85ooheL4MTX7lGXIUmhQA=
21,14,37NXwTB6f4uGBpD6jNIxgCvCW0Y=,SMQUCO85ooheL4MTX7lGXIUmhQA=
20,15,37NXwTB6f4uGBpD6jNIxgCvCW0Y=,SMQUCO85ooheL4MTX7lGXIUmhQA=
18,14,uts55AgD7SJoSdpGIlZOuaqiK2g=,RFOUKtVmYp6KKTuXIa+xG+ffiHQ=
18,15,uts55AgD7SJoSdpGIlZOuaqiK2g=,RFOUKtVmYp6KKTuXIa+xG+ffiHQ=
19,14,uts55AgD7SJoSdpGIlZOuaqiK2g=,RFOUKtVmYp6KKTuXIa+xG+ffiHQ=
19,15,uts55AgD7SJoSdpGIlZOuaqiK2g=,RFOUKtVmYp6KKTuXIa+xG+ffiHQ=
17,0,RVv0lxEa+oh5Bx8cBsuwnY4q8cA=,oQf3LbX7DNyoi7CAQmW9+5D6Q34=
16,1,RVv0lxEa+oh5Bx8cBsuwnY4q8cA=,oQf3LbX7DNyoi7CAQmW9+5D6Q34=
16,0,RVv0lxEa+oh5Bx8cBsuwnY4q8cA=,oQf3LbX7DNyoi7CAQmW9+5D6Q34=
17,12,C8s/Ro8T/rVP8ert3YtyaSZDRGM=,RFOUKtVmYp6KKTuXIa+xG+ffiHQ=
17,11,05KUaoK4qQhhGiLGfawXh21adf8=,f2P0I9aFaBfwaR/x8UB5ugIc5Po=
16,15,uts55AgD7SJoSdpGIlZOuaqiK2g=,RFOUKtVmYp6KKTuXIa+xG+ffiHQ=
16,12,oqICdTAajHD2zIYhA+pT/4dNxMk=,RFOUKtVmYp6KKTuXIa+xG+ffiHQ=
17,14,uts55AgD7SJoSdpGIlZOuaqiK2g=,RFOUKtVmYp6KKTuXIa+xG+ffiHQ=
16,11,05KUaoK4qQhhGiLGfawXh21adf8=,f2P0I9aFaBfwaR/x8UB5ugIc5Po=
17,1,RVv0lxEa+oh5Bx8cBsuwnY4q8cA=,oQf3LbX7DNyoi7CAQmW9+5D6Q34=
17,15,uts55AgD7SJoSdpGIlZOuaqiK2g=,RFOUKtVmYp6KKTuXIa+xG+ffiHQ=
16,14,uts55AgD7SJoSdpGIlZOuaqiK2g=,RFOUKtVmYp6KKTuXIa+xG+ffiHQ=
17,13,C8s/Ro8T/rVP8ert3YtyaSZDRGM=,RFOUKtVmYp6KKTuXIa+xG+ffiHQ=
16,13,C8s/Ro8T/rVP8ert3YtyaSZDRGM=,RFOUKtVmYp6KKTuXIa+xG+ffiHQ=
16,10,05KUaoK4qQhhGiLGfawXh21adf8=,f2P0I9aFaBfwaR/x8UB5ugIc5Po=
17,10,05KUaoK4qQhhGiLGfawXh21adf8=,f2P0I9aFaBfwaR/x8UB5ugIc5Po=
28,20,Cgoil0PAeyfQaxm3CcgFPpMaADw=,4+3frmIhqiNfZBNLDgeKQd7LLZc=
27,21,Cgoil0PAeyfQaxm3CcgFPpMaADw=,Bu2ykxmFVd0ePwjv0vVmb7sq9So=
26,21,Cgoil0PAeyfQaxm3CcgFPpMaADw=,Bu2ykxmFVd0ePwjv0vVmb7sq9So=
29,20,Cgoil0PAeyfQaxm3CcgFPpMaADw=,4+3frmIhqiNfZBNLDgeKQd7LLZc=
28,21,Cgoil0PAeyfQaxm3CcgFPpMaADw=,4+3frmIhqiNfZBNLDgeKQd7LLZc=
29,21,Cgoil0PAeyfQaxm3CcgFPpMaADw=,4+3frmIhqiNfZBNLDgeKQd7LLZc=
27,20,Cgoil0PAeyfQaxm3CcgFPpMaADw=,Bu2ykxmFVd0ePwjv0vVmb7sq9So=
26,20,Cgoil0PAeyfQaxm3CcgFPpMaADw=,Bu2ykxmFVd0ePwjv0vVmb7sq9So=
25,21,MhOq3U17Fw22EmnzbkHYabcRpZU=,Bu2ykxmFVd0ePwjv0vVmb7sq9So=
25,20,MhOq3U17Fw22EmnzbkHYabcRpZU=,Bu2ykxmFVd0ePwjv0vVmb7sq9So=
24,20,MhOq3U17Fw22EmnzbkHYabcRpZU=,Bu2ykxmFVd0ePwjv0vVmb7sq9So=
24,21,MhOq3U17Fw22EmnzbkHYabcRpZU=,Bu2ykxmFVd0ePwjv0vVmb7sq9So=
24,22,Cgoil0PAeyfQaxm3CcgFPpMaADw=,Bu2ykxmFVd0ePwjv0vVmb7sq9So=
24,23,Cgoil0PAeyfQaxm3CcgFPpMaADw=,Bu2ykxmFVd0ePwjv0vVmb7sq9So=
28,22,ZwhAgBEj0uGYJWNd+o6cFUcKd4M=,4+3frmIhqiNfZBNLDgeKQd7LLZc=
29,22,ZwhAgBEj0uGYJWNd+o6cFUcKd4M=,4+3frmIhqiNfZBNLDgeKQd7LLZc=
26,23,ZwhAgBEj0uGYJWNd+o6cFUcKd4M=,Bu2ykxmFVd0ePwjv0vVmb7sq9So=
28,23,ZwhAgBEj0uGYJWNd+o6cFUcKd4M=,4+3frmIhqiNfZBNLDgeKQd7LLZc=
26,22,ZwhAgBEj0uGYJWNd+o6cFUcKd4M=,Bu2ykxmFVd0ePwjv0vVmb7sq9So=
29,23,ZwhAgBEj0uGYJWNd+o6cFUcKd4M=,4+3frmIhqiNfZBNLDgeKQd7LLZc=
27,22,ZwhAgBEj0uGYJWNd+o6cFUcKd4M=,Bu2ykxmFVd0ePwjv0vVmb7sq9So=
27,23,ZwhAgBEj0uGYJWNd+o6cFUcKd4M=,Bu2ykxmFVd0ePwjv0vVmb7sq9So=
25,23,Cgoil0PAeyfQaxm3CcgFPpMaADw=,Bu2ykxmFVd0ePwjv0vVmb7sq9So=
25,22,Cgoil0PAeyfQaxm3CcgFPpMaADw=,Bu2ykxmFVd0ePwjv0vVmb7sq9So=
30,22,MhOq3U17Fw22EmnzbkHYabcRpZU=,4+3frmIhqiNfZBNLDgeKQd7LLZc=
31,22,MhOq3U17Fw22EmnzbkHYabcRpZU=,4+3frmIhqiNfZBNLDgeKQd7LLZc=
31,21,MhOq3U17Fw22EmnzbkHYabcRpZU=,4+3frmIhqiNfZBNLDgeKQd7LLZc=
30,21,MhOq3U17Fw22EmnzbkHYabcRpZU=,4+3frmIhqiNfZBNLDgeKQd7LLZc=
31,23,MhOq3U17Fw22EmnzbkHYabcRpZU=,4+3frmIhqiNfZBNLDgeKQd7LLZc=
30,20,MhOq3U17Fw22EmnzbkHYabcRpZU=,4+3frmIhqiNfZBNLDgeKQd7LLZc=
31,20,MhOq3U17Fw22EmnzbkHYabcRpZU=,4+3frmIhqiNfZBNLDgeKQd7LLZc=
30,23,MhOq3U17Fw22EmnzbkHYabcRpZU=,4+3frmIhqiNfZBNLDgeKQd7LLZc=
26,26,ZwhAgBEj0uGYJWNd+o6cFUcKd4M=,0THeF7Y9bIaRMfVpB67YnZGlDvc=
27,26,ZwhAgBEj0uGYJWNd+o6cFUcKd4M=,0THeF7Y9bIaRMfVpB67YnZGlDvc=
26,27,ZwhAgBEj0uGYJWNd+o6cFUcKd4M=,0THeF7Y9bIaRMfVpB67YnZGlDvc=
27,27,ZwhAgBEj0uGYJWNd+o6cFUcKd4M=,0THeF7Y9bIaRMfVpB67YnZGlDvc=
29,27,ZwhAgBEj0uGYJWNd+o6cFUcKd4M=,x6rNo1ooK24DsOZ8bOYdBKkU+CA=
28,27,ZwhAgBEj0uGYJWNd+o6cFUcKd4M=,x6rNo1ooK24DsOZ8bOYdBKkU+CA=
28,29,ZwhAgBEj0uGYJWNd+o6cFUcKd4M=,zVpU11leiruUSs0GzV21v/64TH8=
29,29,ZwhAgBEj0uGYJWNd+o6cFUcKd4M=,zVpU11leiruUSs0GzV21v/64TH8=
27,28,ZwhAgBEj0uGYJWNd+o6cFUcKd4M=,VuoTRRVrS6jwZfLSJGpjnxbUgHY=
26,28,ZwhAgBEj0uGYJWNd+o6cFUcKd4M=,VuoTRRVrS6jwZfLSJGpjnxbUgHY=
28,26,ZwhAgBEj0uGYJWNd+o6cFUcKd4M=,x6rNo1ooK24DsOZ8bOYdBKkU+CA=
26,29,ZwhAgBEj0uGYJWNd+o6cFUcKd4M=,VuoTRRVrS6jwZfLSJGpjnxbUgHY=
29,28,ZwhAgBEj0uGYJWNd+o6cFUcKd4M=,zVpU11leiruUSs0GzV21v/64TH8=
29,26,ZwhAgBEj0uGYJWNd+o6cFUcKd4M=,x6rNo1ooK24DsOZ8bOYdBKkU+CA=
28,28,ZwhAgBEj0uGYJWNd+o6cFUcKd4M=,zVpU11leiruUSs0GzV21v/64TH8=
27,29,ZwhAgBEj0uGYJWNd+o6cFUcKd4M=,VuoTRRVrS6jwZfLSJGpjnxbUgHY=
26,24,ZwhAgBEj0uGYJWNd+o6cFUcKd4M=,0THeF7Y9bIaRMfVpB67YnZGlDvc=
27,24,ZwhAgBEj0uGYJWNd+o6cFUcKd4M=,0THeF7Y9bIaRMfVpB67YnZGlDvc=
29,25,ZwhAgBEj0uGYJWNd+o6cFUcKd4M=,x6rNo1ooK24DsOZ8bOYdBKkU+CA=
28,25,ZwhAgBEj0uGYJWNd+o6cFUcKd4M=,x6rNo1ooK24DsOZ8bOYdBKkU+CA=
26,25,ZwhAgBEj0uGYJWNd+o6cFUcKd4M=,0THeF7Y9bIaRMfVpB67YnZGlDvc=
27,25,ZwhAgBEj0uGYJWNd+o6cFUcKd4M=,0THeF7Y9bIaRMfVpB67YnZGlDvc=
29,24,ZwhAgBEj0uGYJWNd+o6cFUcKd4M=,x6rNo1ooK24DsOZ8bOYdBKkU+CA=
28,24,ZwhAgBEj0uGYJWNd+o6cFUcKd4M=,x6rNo1ooK24DsOZ8bOYdBKkU+CA=
24,24,Cgoil0PAeyfQaxm3CcgFPpMaADw=,0THeF7Y9bIaRMfVpB67YnZGlDvc=
25,25,Cgoil0PAeyfQaxm3CcgFPpMaADw=,0THeF7Y9bIaRMfVpB67YnZGlDvc=
24,25,Cgoil0PAeyfQaxm3CcgFPpMaADw=,0THeF7Y9bIaRMfVpB67YnZGlDvc=
25,24,Cgoil0PAeyfQaxm3CcgFPpMaADw=,0THeF7Y9bIaRMfVpB67YnZGlDvc=
31,27,MhOq3U17Fw22EmnzbkHYabcRpZU=,x6rNo1ooK24DsOZ8bOYdBKkU+CA=
30,29,MhOq3U17Fw22EmnzbkHYabcRpZU=,zVpU11leiruUSs0GzV21v/64TH8=
31,29,MhOq3U17Fw22EmnzbkHYabcRpZU=,zVpU11leiruUSs0GzV21v/64TH8=
30,26,MhOq3U17Fw22EmnzbkHYabcRpZU=,x6rNo1ooK24DsOZ8bOYdBKkU+CA=
31,26,MhOq3U17Fw22EmnzbkHYabcRpZU=,x6rNo1ooK24DsOZ8bOYdBKkU+CA=
30,27,MhOq3U17Fw22EmnzbkHYabcRpZU=,x6rNo1ooK24DsOZ8bOYdBKkU+CA=
31,28,MhOq3U17Fw22EmnzbkHYabcRpZU=,zVpU11leiruUSs0GzV21v/64TH8=
30,28,MhOq3U17Fw22EmnzbkHYabcRpZU=,zVpU11leiruUSs0GzV21v/64TH8=
31,25,MhOq3U17Fw22EmnzbkHYabcRpZU=,x6rNo1ooK24DsOZ8bOYdBKkU+CA=
30,25,MhOq3U17Fw22EmnzbkHYabcRpZU=,x6rNo1ooK24DsOZ8bOYdBKkU+CA=
30,24,MhOq3U17Fw22EmnzbkHYabcRpZU=,x6rNo1ooK24DsOZ8bOYdBKkU+CA=
31,24,MhOq3U17Fw22EmnzbkHYabcRpZU=,x6rNo1ooK24DsOZ8bOYdBKkU+CA=
24,26,MhOq3U17Fw22EmnzbkHYabcRpZU=,0THeF7Y9bIaRMfVpB67YnZGlDvc=
25,26,MhOq3U17Fw22EmnzbkHYabcRpZU=,0THeF7Y9bIaRMfVpB67YnZGlDvc=
24,27,MhOq3U17Fw22EmnzbkHYabcRpZU=,0THeF7Y9bIaRMfVpB67YnZGlDvc=
25,27,MhOq3U17Fw22EmnzbkHYabcRpZU=,0THeF7Y9bIaRMfVpB67YnZGlDvc=
24,28,MhOq3U17Fw22EmnzbkHYabcRpZU=,VuoTRRVrS6jwZfLSJGpjnxbUgHY=
24,29,MhOq3U17Fw22EmnzbkHYabcRpZU=,VuoTRRVrS6jwZfLSJGpjnxbUgHY=
25,29,MhOq3U17Fw22EmnzbkHYabcRpZU=,VuoTRRVrS6jwZfLSJGpjnxbUgHY=
25,28,MhOq3U17Fw22EmnzbkHYabcRpZU=,VuoTRRVrS6jwZfLSJGpjnxbUgHY=
24,30,MhOq3U17Fw22EmnzbkHYabcRpZU=,VuoTRRVrS6jwZfLSJGpjnxbUgHY=
25,31,MhOq3U17Fw22EmnzbkHYabcRpZU=,VuoTRRVrS6jwZfLSJGpjnxbUgHY=
24,31,MhOq3U17Fw22EmnzbkHYabcRpZU=,VuoTRRVrS6jwZfLSJGpjnxbUgHY=
25,30,MhOq3U17Fw22EmnzbkHYabcRpZU=,VuoTRRVrS6jwZfLSJGpjnxbUgHY=
31,31,MhOq3U17Fw22EmnzbkHYabcRpZU=,zVpU11leiruUSs0GzV21v/64TH8=
26,30,MhOq3U17Fw22EmnzbkHYabcRpZU=,VuoTRRVrS6jwZfLSJGpjnxbUgHY=
30,31,MhOq3U17Fw22EmnzbkHYabcRpZU=,zVpU11leiruUSs0GzV21v/64TH8=
27,30,MhOq3U17Fw22EmnzbkHYabcRpZU=,VuoTRRVrS6jwZfLSJGpjnxbUgHY=
31,30,MhOq3U17Fw22EmnzbkHYabcRpZU=,zVpU11leiruUSs0GzV21v/64TH8=
29,31,MhOq3U17Fw22EmnzbkHYabcRpZU=,zVpU11leiruUSs0GzV21v/64TH8=
28,30,MhOq3U17Fw22EmnzbkHYabcRpZU=,zVpU11leiruUSs0GzV21v/64TH8=
28,31,MhOq3U17Fw22EmnzbkHYabcRpZU=,zVpU11leiruUSs0GzV21v/64TH8=
30,30,MhOq3U17Fw22EmnzbkHYabcRpZU=,zVpU11leiruUSs0GzV21v/64TH8=
27,31,MhOq3U17Fw22EmnzbkHYabcRpZU=,VuoTRRVrS6jwZfLSJGpjnxbUgHY=
26,31,MhOq3U17Fw22EmnzbkHYabcRpZU=,VuoTRRVrS6jwZfLSJGpjnxbUgHY=
29,30,MhOq3U17Fw22EmnzbkHYabcRpZU=,zVpU11leiruUSs0GzV21v/64TH8=
