-4,-10,ij/392QKfPG6mWGheStxKS8x1a0=,1DYxevlp1mRU9Y8f1utJdprAVv8=
-5,-10,ij/392QKfPG6mWGheStxKS8x1a0=,xAfQ9WEy5ZlWot6heA/vte/DkYM=
-5,-11,ij/392QKfPG6mWGheStxKS8x1a0=,k8a2IPgHzWzSNaj6mNIJaQcC1m0=
-4,-11,ij/392QKfPG6mWGheStxKS8x1a0=,40ZTOMeYn67Ys88oQPc5D3WLnQM=
-5,-8,hiWhA+LAuRa65UD8PYXsTYKmJbs=,muUj8OO8WlolxAtAm9gK5slQDNs=
-4,-9,hiWhA+LAuRa65UD8PYXsTYKmJbs=,1DYxevlp1mRU9Y8f1utJdprAVv8=
-4,-8,hiWhA+LAuRa65UD8PYXsTYKmJbs=,GxxwTM01TDVsqlLPtZG13nRbRYA=
-5,-9,hiWhA+LAuRa65UD8PYXsTYKmJbs=,xAfQ9WEy5ZlWot6heA/vte/DkYM=
-5,-6,LjZjgzXPFJpJFrt7JdFgFFBg8KE=,qjjqnUMeJxjIc8vv8Hmvp8ssN9c=
-5,-7,LjZjgzXPFJpJFrt7JdFgFFBg8KE=,muUj8OO8WlolxAtAm9gK5slQDNs=
-4,-7,hfKudCxMooWXh5JJuouRTzSveIQ=,GxxwTM01TDVsqlLPtZG13nRbRYA=
-4,-6,mdrRbDek6vfydUWNkYpcd7uJ5FM=,Ngsmt54SHODDiO/jzxwbzM4Szu8=
-5,-5,52y3Gh2uWjdAUS/fFDjiHajkDQg=,qjjqnUMeJxjIc8vv8Hmvp8ssN9c=
-5,-4,4g9FNnw7gSm1JCs7k4+RIfzWhFU=,fQQOXumpb6sT3k5CkkIVH0eKxRc=
-4,-5,MWizjYUObBVBvyCUT9mwr+z+2hc=,Ngsmt54SHODDiO/jzxwbzM4Szu8=
-4,-4,OdHRgNpOKpeuP3jA5Mar0ofFjJk=,LlpxoqrD6o/dVTeSBiTqfq7I7j4=
-2,-5,XMlwmJL8+f34p2QCRvUaxVSjsSo=,yz9/rNVXMsymCrJ93GIOfjUcmEs=
-3,-5,X0mkRbFcnsnvjAGVf+RnjfwGj/Y=,Ngsmt54SHODDiO/jzxwbzM4Szu8=
-2,-4,i2RIEuMmrGuCrNkugl+Kj7uhMQg=,h2+DWCD+UlKO6vVmZjAuZlJeewE=
-3,-4,OdHRgNpOKpeuP3jA5Mar0ofFjJk=,LlpxoqrD6o/dVTeSBiTqfq7I7j4=
-4,-2,uAanvM+KVoGwgc/mxmnJ4xHsrsM=,z47PQOzxIT3AKtNXj9qgs1Z68R0=
-5,-2,uAanvM+KVoGwgc/mxmnJ4xHsrsM=,jGUpq+xIDmZRjv6Uy5bzyzniWKk=
-4,-3,uAanvM+KVoGwgc/mxmnJ4xHsrsM=,LlpxoqrD6o/dVTeSBiTqfq7I7j4=
-5,-3,jz5GC5oCLXOWNUzN6d3dH1wYmPA=,fQQOXumpb6sT3k5CkkIVH0eKxRc=
-2,-3,i2RIEuMmrGuCrNkugl+Kj7uhMQg=,h2+DWCD+UlKO6vVmZjAuZlJeewE=
-3,-2,jK8BeGFl9Zpjp1H6TWQ9VWN+jjA=,z47PQOzxIT3AKtNXj9qgs1Z68R0=
-3,-3,uAanvM+KVoGwgc/mxmnJ4xHsrsM=,LlpxoqrD6o/dVTeSBiTqfq7I7j4=
-2,-2,0YC9umcTUv4ufk1gxuUwjC25wDE=,cNUUDp4aBXEOFZybhNneRiag1So=
-7,-3,KqcLdmrSgLxjn63UB0JszHjJQts=,RMdsA3q7s5RvBsyabEwVyVz5DVk=
-6,-2,OdHRgNpOKpeuP3jA5Mar0ofFjJk=,jGUpq+xIDmZRjv6Uy5bzyzniWKk=
-7,-2,KqcLdmrSgLxjn63UB0JszHjJQts=,HeuTexcYBjFrtYM4b6yVUx1TY1M=
-6,-3,7an9zPkfsHqyStViR/pcF9H+NqY=,fQQOXumpb6sT3k5CkkIVH0eKxRc=
-9,-2,KqcLdmrSgLxjn63UB0JszHjJQts=,jfmXUffRs6nQ+pEApj9dEmEfQsQ=
-9,-3,KqcLdmrSgLxjn63UB0JszHjJQts=,WNz4GyHMT3GdtyWQSiNs7v+aT3A=
-8,-3,KqcLdmrSgLxjn63UB0JszHjJQts=,RMdsA3q7s5RvBsyabEwVyVz5DVk=
-8,-2,KqcLdmrSgLxjn63UB0JszHjJQts=,HeuTexcYBjFrtYM4b6yVUx1TY1M=
-10,-4,KqcLdmrSgLxjn63UB0JszHjJQts=,WNz4GyHMT3GdtyWQSiNs7v+aT3A=
-11,-5,KqcLdmrSgLxjn63UB0JszHjJQts=,jpKv1UkuZFffsLVrIaVtSLZf4gE=
-10,-5,KqcLdmrSgLxjn63UB0JszHjJQts=,WxFXYS2e59V7RPNCng/ioFJ+EPA=
-11,-4,KqcLdmrSgLxjn63UB0JszHjJQts=,Lul83peUzPYSL8VAv50Wa7srmys=
-11,-2,KqcLdmrSgLxjn63UB0JszHjJQts=,Z1AwYUrYQp7i32nYQhGsa3bbxm4=
-10,-3,KqcLdmrSgLxjn63UB0JszHjJQts=,WNz4GyHMT3GdtyWQSiNs7v+aT3A=
-11,-3,KqcLdmrSgLxjn63UB0JszHjJQts=,Lul83peUzPYSL8VAv50Wa7srmys=
-10,-2,KqcLdmrSgLxjn63UB0JszHjJQts=,jfmXUffRs6nQ+pEApj9dEmEfQsQ=
-9,-5,3fuQTvF2kkWqEcqyO1zsEW+dP4I=,WxFXYS2e59V7RPNCng/ioFJ+EPA=
-9,-4,3fuQTvF2kkWqEcqyO1zsEW+dP4I=,WNz4GyHMT3GdtyWQSiNs7v+aT3A=
-8,-5,3fuQTvF2kkWqEcqyO1zsEW+dP4I=,XRsA8fFXUid/EKPKVmKzZbMcOos=
-6,-4,7an9zPkfsHqyStViR/pcF9H+NqY=,fQQOXumpb6sT3k5CkkIVH0eKxRc=
-7,-4,3fuQTvF2kkWqEcqyO1zsEW+dP4I=,RMdsA3q7s5RvBsyabEwVyVz5DVk=
-7,-5,3fuQTvF2kkWqEcqyO1zsEW+dP4I=,XRsA8fFXUid/EKPKVmKzZbMcOos=
-8,-4,mOoq06oua9ZEZ+nNGve3uGt4eFI=,RMdsA3q7s5RvBsyabEwVyVz5DVk=
-6,-5,mOoq06oua9ZEZ+nNGve3uGt4eFI=,qjjqnUMeJxjIc8vv8Hmvp8ssN9c=
-11,-10,m1DJI9sPNtv4AReNTdw9FSip9Y4=,rIGkPgoOlRMWKND2nkCzmQSRYv0=
-10,-11,m1DJI9sPNtv4AReNTdw9FSip9Y4=,fwQONoYUrjjldSgiDJfM/OitOEg=
-11,-11,m1DJI9sPNtv4AReNTdw9FSip9Y4=,TGA5VRj8K13M6/gjp+Q/Lt7g0Rc=
-10,-10,m1DJI9sPNtv4AReNTdw9FSip9Y4=,GpXmqNGSBSPceqI6C0KhKXWRSG8=
-12,-12,m1DJI9sPNtv4AReNTdw9FSip9Y4=,TGA5VRj8K13M6/gjp+Q/Lt7g0Rc=
-13,-12,m1DJI9sPNtv4AReNTdw9FSip9Y4=,4pybmyY76myK5tOJgXK4sJQLQNk=
-13,-13,m1DJI9sPNtv4AReNTdw9FSip9Y4=,x2+4m+cxUYESkdXBjQQ5zFGUOJw=
-12,-13,m1DJI9sPNtv4AReNTdw9FSip9Y4=,4XyuXhmmTBjNdgmGJDl545h4Ca0=
-9,-7,m1DJI9sPNtv4AReNTdw9FSip9Y4=,at3oYDb5HfGpXDL2Fgx6gUCXpqU=
-9,-6,m1DJI9sPNtv4AReNTdw9FSip9Y4=,WxFXYS2e59V7RPNCng/ioFJ+EPA=
-6,-8,m1DJI9sPNtv4AReNTdw9FSip9Y4=,muUj8OO8WlolxAtAm9gK5slQDNs=
-7,-9,m1DJI9sPNtv4AReNTdw9FSip9Y4=,rmAN3f1AK4gf+K/XMcwadBXW2ro=
-9,-8,m1DJI9sPNtv4AReNTdw9FSip9Y4=,at3oYDb5HfGpXDL2Fgx6gUCXpqU=
-8,-9,m1DJI9sPNtv4AReNTdw9FSip9Y4=,rmAN3f1AK4gf+K/XMcwadBXW2ro=
-12,-14,m1DJI9sPNtv4AReNTdw9FSip9Y4=,4XyuXhmmTBjNdgmGJDl545h4Ca0=
-12,-15,m1DJI9sPNtv4AReNTdw9FSip9Y4=,JVR7UAFBK8NGqzsZAnPNbQSdbFM=
-13,-14,m1DJI9sPNtv4AReNTdw9FSip9Y4=,x2+4m+cxUYESkdXBjQQ5zFGUOJw=
-13,-15,m1DJI9sPNtv4AReNTdw9FSip9Y4=,m3a9YCcEPJB/mBtVx1Tbn4p1muQ=
-6,-7,m1DJI9sPNtv4AReNTdw9FSip9Y4=,muUj8OO8WlolxAtAm9gK5slQDNs=
-9,-9,m1DJI9sPNtv4AReNTdw9FSip9Y4=,GpXmqNGSBSPceqI6C0KhKXWRSG8=
-10,-12,m1DJI9sPNtv4AReNTdw9FSip9Y4=,fwQONoYUrjjldSgiDJfM/OitOEg=
-10,-14,m1DJI9sPNtv4AReNTdw9FSip9Y4=,WpODuEwces2vCUvjeqpK6VkyzzY=
-11,-12,m1DJI9sPNtv4AReNTdw9FSip9Y4=,TGA5VRj8K13M6/gjp+Q/Lt7g0Rc=
-10,-13,m1DJI9sPNtv4AReNTdw9FSip9Y4=,WpODuEwces2vCUvjeqpK6VkyzzY=
-10,-15,m1DJI9sPNtv4AReNTdw9FSip9Y4=,bUZgvp3RR1DRqrufjdA3l0PD0xI=
-11,-14,m1DJI9sPNtv4AReNTdw9FSip9Y4=,4XyuXhmmTBjNdgmGJDl545h4Ca0=
-11,-13,m1DJI9sPNtv4AReNTdw9FSip9Y4=,4XyuXhmmTBjNdgmGJDl545h4Ca0=
-11,-15,m1DJI9sPNtv4AReNTdw9FSip9Y4=,JVR7UAFBK8NGqzsZAnPNbQSdbFM=
-7,-6,m1DJI9sPNtv4AReNTdw9FSip9Y4=,XRsA8fFXUid/EKPKVmKzZbMcOos=
-6,-9,m1DJI9sPNtv4AReNTdw9FSip9Y4=,xAfQ9WEy5ZlWot6heA/vte/DkYM=
-8,-6,7XQOasJlGJMvRvw73ocCqZrp+bU=,XRsA8fFXUid/EKPKVmKzZbMcOos=
-7,-7,7XQOasJlGJMvRvw73ocCqZrp+bU=,2tGby0NB+7H9ZCuUv0a9BbsoW2c=
-8,-8,7XQOasJlGJMvRvw73ocCqZrp+bU=,2tGby0NB+7H9ZCuUv0a9BbsoW2c=
-8,-7,7XQOasJlGJMvRvw73ocCqZrp+bU=,2tGby0NB+7H9ZCuUv0a9BbsoW2c=
-6,-6,7XQOasJlGJMvRvw73ocCqZrp+bU=,qjjqnUMeJxjIc8vv8Hmvp8ssN9c=
-7,-8,7XQOasJlGJMvRvw73ocCqZrp+bU=,2tGby0NB+7H9ZCuUv0a9BbsoW2c=
-6,-14,7XQOasJlGJMvRvw73ocCqZrp+bU=,vlGoCftG+zrkMNKOVP7Ypa0SvIo=
-9,-15,7XQOasJlGJMvRvw73ocCqZrp+bU=,bUZgvp3RR1DRqrufjdA3l0PD0xI=
-9,-14,7XQOasJlGJMvRvw73ocCqZrp+bU=,WpODuEwces2vCUvjeqpK6VkyzzY=
-7,-15,7XQOasJlGJMvRvw73ocCqZrp+bU=,Uh1+K6yXZgI/kytcBkHxxAbauKc=
-8,-15,7XQOasJlGJMvRvw73ocCqZrp+bU=,Uh1+K6yXZgI/kytcBkHxxAbauKc=
-7,-14,7XQOasJlGJMvRvw73ocCqZrp+bU=,o+AheUS10Nlw5ikO+qmK7s9+Ltw=
-8,-14,7XQOasJlGJMvRvw73ocCqZrp+bU=,o+AheUS10Nlw5ikO+qmK7s9+Ltw=
-8,-16,7XQOasJlGJMvRvw73ocCqZrp+bU=,Uh1+K6yXZgI/kytcBkHxxAbauKc=
-9,-16,7XQOasJlGJMvRvw73ocCqZrp+bU=,bUZgvp3RR1DRqrufjdA3l0PD0xI=
-9,-13,7XQOasJlGJMvRvw73ocCqZrp+bU=,WpODuEwces2vCUvjeqpK6VkyzzY=
-9,-11,7XQOasJlGJMvRvw73ocCqZrp+bU=,fwQONoYUrjjldSgiDJfM/OitOEg=
-14,-14,7XQOasJlGJMvRvw73ocCqZrp+bU=,x2+4m+cxUYESkdXBjQQ5zFGUOJw=
-10,-16,7XQOasJlGJMvRvw73ocCqZrp+bU=,bUZgvp3RR1DRqrufjdA3l0PD0xI=
-12,-16,7XQOasJlGJMvRvw73ocCqZrp+bU=,JVR7UAFBK8NGqzsZAnPNbQSdbFM=
-11,-16,7XQOasJlGJMvRvw73ocCqZrp+bU=,JVR7UAFBK8NGqzsZAnPNbQSdbFM=
-13,-16,7XQOasJlGJMvRvw73ocCqZrp+bU=,m3a9YCcEPJB/mBtVx1Tbn4p1muQ=
-14,-16,7XQOasJlGJMvRvw73ocCqZrp+bU=,m3a9YCcEPJB/mBtVx1Tbn4p1muQ=
-15,-16,7XQOasJlGJMvRvw73ocCqZrp+bU=,y2zTl0YRmWvzpxU3PrZXqZNnK4A=
-7,-13,7XQOasJlGJMvRvw73ocCqZrp+bU=,o+AheUS10Nlw5ikO+qmK7s9+Ltw=
-15,-15,7XQOasJlGJMvRvw73ocCqZrp+bU=,y2zTl0YRmWvzpxU3PrZXqZNnK4A=
-9,-10,7XQOasJlGJMvRvw73ocCqZrp+bU=,GpXmqNGSBSPceqI6C0KhKXWRSG8=
-15,-14,7XQOasJlGJMvRvw73ocCqZrp+bU=,AWKU7418iDvy3Ptl0gsOg49sMfA=
-14,-15,7XQOasJlGJMvRvw73ocCqZrp+bU=,m3a9YCcEPJB/mBtVx1Tbn4p1muQ=
-5,-12,7XQOasJlGJMvRvw73ocCqZrp+bU=,k8a2IPgHzWzSNaj6mNIJaQcC1m0=
-5,-13,7XQOasJlGJMvRvw73ocCqZrp+bU=,vlGoCftG+zrkMNKOVP7Ypa0SvIo=
-4,-12,7XQOasJlGJMvRvw73ocCqZrp+bU=,40ZTOMeYn67Ys88oQPc5D3WLnQM=
-6,-10,7XQOasJlGJMvRvw73ocCqZrp+bU=,xAfQ9WEy5ZlWot6heA/vte/DkYM=
-6,-12,7XQOasJlGJMvRvw73ocCqZrp+bU=,k8a2IPgHzWzSNaj6mNIJaQcC1m0=
-6,-13,7XQOasJlGJMvRvw73ocCqZrp+bU=,vlGoCftG+zrkMNKOVP7Ypa0SvIo=
-7,-10,7XQOasJlGJMvRvw73ocCqZrp+bU=,rmAN3f1AK4gf+K/XMcwadBXW2ro=
-8,-10,7XQOasJlGJMvRvw73ocCqZrp+bU=,rmAN3f1AK4gf+K/XMcwadBXW2ro=
-8,-13,7XQOasJlGJMvRvw73ocCqZrp+bU=,o+AheUS10Nlw5ikO+qmK7s9+Ltw=
-9,-12,7XQOasJlGJMvRvw73ocCqZrp+bU=,fwQONoYUrjjldSgiDJfM/OitOEg=
-8,-12,7XQOasJlGJMvRvw73ocCqZrp+bU=,GJ4oup4bUBCGL0CKDUrxTntKF8g=
-7,-11,7XQOasJlGJMvRvw73ocCqZrp+bU=,GJ4oup4bUBCGL0CKDUrxTntKF8g=
-7,-12,7XQOasJlGJMvRvw73ocCqZrp+bU=,GJ4oup4bUBCGL0CKDUrxTntKF8g=
-8,-11,7XQOasJlGJMvRvw73ocCqZrp+bU=,GJ4oup4bUBCGL0CKDUrxTntKF8g=
-6,-11,7XQOasJlGJMvRvw73ocCqZrp+bU=,k8a2IPgHzWzSNaj6mNIJaQcC1m0=
-12,-10,7XQOasJlGJMvRvw73ocCqZrp+bU=,rIGkPgoOlRMWKND2nkCzmQSRYv0=
-13,-11,7XQOasJlGJMvRvw73ocCqZrp+bU=,4pybmyY76myK5tOJgXK4sJQLQNk=
-12,-11,7XQOasJlGJMvRvw73ocCqZrp+bU=,TGA5VRj8K13M6/gjp+Q/Lt7g0Rc=
-14,-12,yvVAlYc6BGFncBc96Wvt8UOJ6G8=,4pybmyY76myK5tOJgXK4sJQLQNk=
-14,-13,yvVAlYc6BGFncBc96Wvt8UOJ6G8=,x2+4m+cxUYESkdXBjQQ5zFGUOJw=
-15,-13,yvVAlYc6BGFncBc96Wvt8UOJ6G8=,AWKU7418iDvy3Ptl0gsOg49sMfA=
-15,-12,yvVAlYc6BGFncBc96Wvt8UOJ6G8=,xr/1ZWus1SCJw/DxJ8KiZecv6sA=
-10,-6,yvVAlYc6BGFncBc96Wvt8UOJ6G8=,WxFXYS2e59V7RPNCng/ioFJ+EPA=
-13,-8,yvVAlYc6BGFncBc96Wvt8UOJ6G8=,9nSChptcTDSGwfyP9yn7ZCkPT9w=
-11,-6,yvVAlYc6BGFncBc96Wvt8UOJ6G8=,jpKv1UkuZFffsLVrIaVtSLZf4gE=
-11,-9,yvVAlYc6BGFncBc96Wvt8UOJ6G8=,rIGkPgoOlRMWKND2nkCzmQSRYv0=
-12,-9,yvVAlYc6BGFncBc96Wvt8UOJ6G8=,rIGkPgoOlRMWKND2nkCzmQSRYv0=
-10,-9,yvVAlYc6BGFncBc96Wvt8UOJ6G8=,GpXmqNGSBSPceqI6C0KhKXWRSG8=
-10,-7,yvVAlYc6BGFncBc96Wvt8UOJ6G8=,at3oYDb5HfGpXDL2Fgx6gUCXpqU=
-10,-8,yvVAlYc6BGFncBc96Wvt8UOJ6G8=,at3oYDb5HfGpXDL2Fgx6gUCXpqU=
-16,-14,yvVAlYc6BGFncBc96Wvt8UOJ6G8=,AWKU7418iDvy3Ptl0gsOg49sMfA=
-16,-12,yvVAlYc6BGFncBc96Wvt8UOJ6G8=,xr/1ZWus1SCJw/DxJ8KiZecv6sA=
-16,-13,yvVAlYc6BGFncBc96Wvt8UOJ6G8=,AWKU7418iDvy3Ptl0gsOg49sMfA=
-16,-15,yvVAlYc6BGFncBc96Wvt8UOJ6G8=,y2zTl0YRmWvzpxU3PrZXqZNnK4A=
-16,-6,yvVAlYc6BGFncBc96Wvt8UOJ6G8=,tsIY6NUl1+dV3YjzMihPVDVCp74=
-16,-7,yvVAlYc6BGFncBc96Wvt8UOJ6G8=,xQfMPpfWtiz9aLxf8b/DnIQJDek=
-14,-8,yvVAlYc6BGFncBc96Wvt8UOJ6G8=,9nSChptcTDSGwfyP9yn7ZCkPT9w=
-14,-11,yvVAlYc6BGFncBc96Wvt8UOJ6G8=,4pybmyY76myK5tOJgXK4sJQLQNk=
-16,-10,yvVAlYc6BGFncBc96Wvt8UOJ6G8=,Yg2h2/onkOeLbETXqSjePHuF3q4=
-16,-8,yvVAlYc6BGFncBc96Wvt8UOJ6G8=,xQfMPpfWtiz9aLxf8b/DnIQJDek=
-15,-10,yvVAlYc6BGFncBc96Wvt8UOJ6G8=,Yg2h2/onkOeLbETXqSjePHuF3q4=
-15,-8,yvVAlYc6BGFncBc96Wvt8UOJ6G8=,xQfMPpfWtiz9aLxf8b/DnIQJDek=
-16,-11,yvVAlYc6BGFncBc96Wvt8UOJ6G8=,xr/1ZWus1SCJw/DxJ8KiZecv6sA=
-15,-11,yvVAlYc6BGFncBc96Wvt8UOJ6G8=,xr/1ZWus1SCJw/DxJ8KiZecv6sA=
-16,-9,yvVAlYc6BGFncBc96Wvt8UOJ6G8=,Yg2h2/onkOeLbETXqSjePHuF3q4=
-15,-9,yvVAlYc6BGFncBc96Wvt8UOJ6G8=,Yg2h2/onkOeLbETXqSjePHuF3q4=
-15,-5,yvVAlYc6BGFncBc96Wvt8UOJ6G8=,tsIY6NUl1+dV3YjzMihPVDVCp74=
-15,-6,yvVAlYc6BGFncBc96Wvt8UOJ6G8=,tsIY6NUl1+dV3YjzMihPVDVCp74=
-12,-4,yvVAlYc6BGFncBc96Wvt8UOJ6G8=,Lul83peUzPYSL8VAv50Wa7srmys=
-13,-7,yvVAlYc6BGFncBc96Wvt8UOJ6G8=,9nSChptcTDSGwfyP9yn7ZCkPT9w=
-14,-7,yvVAlYc6BGFncBc96Wvt8UOJ6G8=,9nSChptcTDSGwfyP9yn7ZCkPT9w=
-12,-5,yvVAlYc6BGFncBc96Wvt8UOJ6G8=,jpKv1UkuZFffsLVrIaVtSLZf4gE=
-15,-7,yvVAlYc6BGFncBc96Wvt8UOJ6G8=,xQfMPpfWtiz9aLxf8b/DnIQJDek=
-14,-6,yvVAlYc6BGFncBc96Wvt8UOJ6G8=,DC3s435HRYdHE3+bIPeJjQaA2Kg=
-13,-6,yvVAlYc6BGFncBc96Wvt8UOJ6G8=,DC3s435HRYdHE3+bIPeJjQaA2Kg=
-12,-6,yvVAlYc6BGFncBc96Wvt8UOJ6G8=,jpKv1UkuZFffsLVrIaVtSLZf4gE=
-13,-4,yvVAlYc6BGFncBc96Wvt8UOJ6G8=,6hdHN3kOOGtHxLjuPevhjGr0xcQ=
-14,-4,yvVAlYc6BGFncBc96Wvt8UOJ6G8=,6hdHN3kOOGtHxLjuPevhjGr0xcQ=
-14,-5,yvVAlYc6BGFncBc96Wvt8UOJ6G8=,DC3s435HRYdHE3+bIPeJjQaA2Kg=
-13,-5,yvVAlYc6BGFncBc96Wvt8UOJ6G8=,DC3s435HRYdHE3+bIPeJjQaA2Kg=
-2,-12,2Nh+1Ag3cFWa5uaZvnNIsPOaO8I=,aiLis1pVo7V8b0Yz2q7k8Pw+yBE=
-2,-13,2Nh+1Ag3cFWa5uaZvnNIsPOaO8I=,7c8wWVbSBEFzxhb1xGvsk/8r8Fc=
-3,-12,2Nh+1Ag3cFWa5uaZvnNIsPOaO8I=,40ZTOMeYn67Ys88oQPc5D3WLnQM=
-5,-14,2Nh+1Ag3cFWa5uaZvnNIsPOaO8I=,vlGoCftG+zrkMNKOVP7Ypa0SvIo=
-4,-15,2Nh+1Ag3cFWa5uaZvnNIsPOaO8I=,XL+UOGJrJAYy7uVBj4SZmOF/ODM=
-3,-15,StJSqf6dNyrbKcvdH6JbJpak+gQ=,XL+UOGJrJAYy7uVBj4SZmOF/ODM=
-2,-14,StJSqf6dNyrbKcvdH6JbJpak+gQ=,7c8wWVbSBEFzxhb1xGvsk/8r8Fc=
-2,-15,StJSqf6dNyrbKcvdH6JbJpak+gQ=,QY2UG7hWZhFR8cXWs0+DK2hZO14=
-1,-12,StJSqf6dNyrbKcvdH6JbJpak+gQ=,aiLis1pVo7V8b0Yz2q7k8Pw+yBE=
-1,-13,StJSqf6dNyrbKcvdH6JbJpak+gQ=,7c8wWVbSBEFzxhb1xGvsk/8r8Fc=
-1,-14,StJSqf6dNyrbKcvdH6JbJpak+gQ=,7c8wWVbSBEFzxhb1xGvsk/8r8Fc=
-1,-15,StJSqf6dNyrbKcvdH6JbJpak+gQ=,QY2UG7hWZhFR8cXWs0+DK2hZO14=
-1,-4,0YC9umcTUv4ufk1gxuUwjC25wDE=,h2+DWCD+UlKO6vVmZjAuZlJeewE=
-1,-5,DG064eIj+4rkc3eso7ckEcYavJY=,yz9/rNVXMsymCrJ93GIOfjUcmEs=
-1,-3,0YC9umcTUv4ufk1gxuUwjC25wDE=,h2+DWCD+UlKO6vVmZjAuZlJeewE=
-3,-11,3CS4bEGXqKPww2hjifGfDJhnc90=,40ZTOMeYn67Ys88oQPc5D3WLnQM=
-1,-11,3CS4bEGXqKPww2hjifGfDJhnc90=,aiLis1pVo7V8b0Yz2q7k8Pw+yBE=
-3,-10,3CS4bEGXqKPww2hjifGfDJhnc90=,1DYxevlp1mRU9Y8f1utJdprAVv8=
-2,-11,3CS4bEGXqKPww2hjifGfDJhnc90=,aiLis1pVo7V8b0Yz2q7k8Pw+yBE=
-1,-2,0YC9umcTUv4ufk1gxuUwjC25wDE=,cNUUDp4aBXEOFZybhNneRiag1So=
-1,-10,3CS4bEGXqKPww2hjifGfDJhnc90=,uujXtXf1Hu1jyhXrvrMuRe087VM=
-2,-10,3CS4bEGXqKPww2hjifGfDJhnc90=,uujXtXf1Hu1jyhXrvrMuRe087VM=
-3,-7,3CS4bEGXqKPww2hjifGfDJhnc90=,GxxwTM01TDVsqlLPtZG13nRbRYA=
-2,-8,3CS4bEGXqKPww2hjifGfDJhnc90=,p6x2zn43AABiagQ7rs49QHXtG2s=
-3,-6,mdrRbDek6vfydUWNkYpcd7uJ5FM=,Ngsmt54SHODDiO/jzxwbzM4Szu8=
-1,-7,3CS4bEGXqKPww2hjifGfDJhnc90=,p6x2zn43AABiagQ7rs49QHXtG2s=
-3,-9,3CS4bEGXqKPww2hjifGfDJhnc90=,1DYxevlp1mRU9Y8f1utJdprAVv8=
-3,-8,3CS4bEGXqKPww2hjifGfDJhnc90=,GxxwTM01TDVsqlLPtZG13nRbRYA=
-2,-6,3CS4bEGXqKPww2hjifGfDJhnc90=,yz9/rNVXMsymCrJ93GIOfjUcmEs=
-1,-6,3CS4bEGXqKPww2hjifGfDJhnc90=,yz9/rNVXMsymCrJ93GIOfjUcmEs=
-1,-9,3CS4bEGXqKPww2hjifGfDJhnc90=,uujXtXf1Hu1jyhXrvrMuRe087VM=
-2,-7,3CS4bEGXqKPww2hjifGfDJhnc90=,p6x2zn43AABiagQ7rs49QHXtG2s=
-2,-9,3CS4bEGXqKPww2hjifGfDJhnc90=,uujXtXf1Hu1jyhXrvrMuRe087VM=
-1,-8,3CS4bEGXqKPww2hjifGfDJhnc90=,p6x2zn43AABiagQ7rs49QHXtG2s=
-11,-1,9eK1ZKVGZO8H+Cu9rXdeOePe4Vk=,Z1AwYUrYQp7i32nYQhGsa3bbxm4=
-10,-1,9eK1ZKVGZO8H+Cu9rXdeOePe4Vk=,jfmXUffRs6nQ+pEApj9dEmEfQsQ=
-12,-2,9eK1ZKVGZO8H+Cu9rXdeOePe4Vk=,Z1AwYUrYQp7i32nYQhGsa3bbxm4=
-13,-3,9eK1ZKVGZO8H+Cu9rXdeOePe4Vk=,6hdHN3kOOGtHxLjuPevhjGr0xcQ=
-12,-3,9eK1ZKVGZO8H+Cu9rXdeOePe4Vk=,Lul83peUzPYSL8VAv50Wa7srmys=
-14,-3,9eK1ZKVGZO8H+Cu9rXdeOePe4Vk=,6hdHN3kOOGtHxLjuPevhjGr0xcQ=
-15,-2,9eK1ZKVGZO8H+Cu9rXdeOePe4Vk=,NdjRurCtQhj/tHAkMhICWZ5fNb4=
-12,-1,9eK1ZKVGZO8H+Cu9rXdeOePe4Vk=,Z1AwYUrYQp7i32nYQhGsa3bbxm4=
-15,-1,9eK1ZKVGZO8H+Cu9rXdeOePe4Vk=,NdjRurCtQhj/tHAkMhICWZ5fNb4=
-16,-16,9eK1ZKVGZO8H+Cu9rXdeOePe4Vk=,y2zTl0YRmWvzpxU3PrZXqZNnK4A=
-7,-16,9eK1ZKVGZO8H+Cu9rXdeOePe4Vk=,Uh1+K6yXZgI/kytcBkHxxAbauKc=
-2,-1,0YC9umcTUv4ufk1gxuUwjC25wDE=,cNUUDp4aBXEOFZybhNneRiag1So=
-4,-16,9eK1ZKVGZO8H+Cu9rXdeOePe4Vk=,XL+UOGJrJAYy7uVBj4SZmOF/ODM=
-3,-16,9eK1ZKVGZO8H+Cu9rXdeOePe4Vk=,XL+UOGJrJAYy7uVBj4SZmOF/ODM=
-2,-16,9eK1ZKVGZO8H+Cu9rXdeOePe4Vk=,QY2UG7hWZhFR8cXWs0+DK2hZO14=
-1,-16,9eK1ZKVGZO8H+Cu9rXdeOePe4Vk=,QY2UG7hWZhFR8cXWs0+DK2hZO14=
-3,-1,uAanvM+KVoGwgc/mxmnJ4xHsrsM=,z47PQOzxIT3AKtNXj9qgs1Z68R0=
-16,-2,9eK1ZKVGZO8H+Cu9rXdeOePe4Vk=,NdjRurCtQhj/tHAkMhICWZ5fNb4=
-16,-5,9eK1ZKVGZO8H+Cu9rXdeOePe4Vk=,tsIY6NUl1+dV3YjzMihPVDVCp74=
-16,-1,9eK1ZKVGZO8H+Cu9rXdeOePe4Vk=,NdjRurCtQhj/tHAkMhICWZ5fNb4=
-5,-1,OdHRgNpOKpeuP3jA5Mar0ofFjJk=,jGUpq+xIDmZRjv6Uy5bzyzniWKk=
-9,-1,ZcGJMTM6F73Pm+EZTX7zxzNb2PY=,jfmXUffRs6nQ+pEApj9dEmEfQsQ=
-4,-1,OdHRgNpOKpeuP3jA5Mar0ofFjJk=,z47PQOzxIT3AKtNXj9qgs1Z68R0=
-8,-1,ZcGJMTM6F73Pm+EZTX7zxzNb2PY=,HeuTexcYBjFrtYM4b6yVUx1TY1M=
-6,-1,jK8BeGFl9Zpjp1H6TWQ9VWN+jjA=,jGUpq+xIDmZRjv6Uy5bzyzniWKk=
-1,-1,0YC9umcTUv4ufk1gxuUwjC25wDE=,cNUUDp4aBXEOFZybhNneRiag1So=
-7,-1,ZcGJMTM6F73Pm+EZTX7zxzNb2PY=,HeuTexcYBjFrtYM4b6yVUx1TY1M=
-14,-21,ZcGJMTM6F73Pm+EZTX7zxzNb2PY=,m93T8Ao8ZbI2SAcIXrPLe+yqFcE=
-14,-20,ZcGJMTM6F73Pm+EZTX7zxzNb2PY=,sTZcjYrX+ni1EOZdZ74bwpbll10=
-15,-20,ZcGJMTM6F73Pm+EZTX7zxzNb2PY=,0CUSwwMmfwq218IjxVii6c0uZfw=
-15,-21,ZcGJMTM6F73Pm+EZTX7zxzNb2PY=,c746aGwTf1ae8xA/WDyxcYlk56M=
-14,-23,ZcGJMTM6F73Pm+EZTX7zxzNb2PY=,YrwPPqJd3G4MWJ1AS2CHkdwVgYY=
-14,-22,ZcGJMTM6F73Pm+EZTX7zxzNb2PY=,m93T8Ao8ZbI2SAcIXrPLe+yqFcE=
-15,-22,ZcGJMTM6F73Pm+EZTX7zxzNb2PY=,c746aGwTf1ae8xA/WDyxcYlk56M=
-15,-23,ZcGJMTM6F73Pm+EZTX7zxzNb2PY=,m73+Q8if5HVYPHt0l+VPTcIse9A=
-13,-22,ZcGJMTM6F73Pm+EZTX7zxzNb2PY=,m93T8Ao8ZbI2SAcIXrPLe+yqFcE=
-12,-22,ZcGJMTM6F73Pm+EZTX7zxzNb2PY=,m2VdA4pYvpIh1k2PeatC4VlHBBM=
-13,-23,ZcGJMTM6F73Pm+EZTX7zxzNb2PY=,YrwPPqJd3G4MWJ1AS2CHkdwVgYY=
-12,-23,ZcGJMTM6F73Pm+EZTX7zxzNb2PY=,70ADKFWE3U/eX8+8/yj+vSttXs4=
-13,-20,ZcGJMTM6F73Pm+EZTX7zxzNb2PY=,sTZcjYrX+ni1EOZdZ74bwpbll10=
-12,-21,ZcGJMTM6F73Pm+EZTX7zxzNb2PY=,m2VdA4pYvpIh1k2PeatC4VlHBBM=
-13,-21,ZcGJMTM6F73Pm+EZTX7zxzNb2PY=,m93T8Ao8ZbI2SAcIXrPLe+yqFcE=
-12,-20,ZcGJMTM6F73Pm+EZTX7zxzNb2PY=,UrsiT5hN8YSHH4ibN0Be3ggJFsk=
-11,-20,ZcGJMTM6F73Pm+EZTX7zxzNb2PY=,UrsiT5hN8YSHH4ibN0Be3ggJFsk=
-10,-21,ZcGJMTM6F73Pm+EZTX7zxzNb2PY=,OclnVj53ou2Gh3COZVHnhstOeVk=
-10,-20,ZcGJMTM6F73Pm+EZTX7zxzNb2PY=,D7UEhloqYGoDhOtrqn33uistNyA=
-11,-21,ZcGJMTM6F73Pm+EZTX7zxzNb2PY=,m2VdA4pYvpIh1k2PeatC4VlHBBM=
-12,-19,ZcGJMTM6F73Pm+EZTX7zxzNb2PY=,UrsiT5hN8YSHH4ibN0Be3ggJFsk=
-13,-19,ZcGJMTM6F73Pm+EZTX7zxzNb2PY=,sTZcjYrX+ni1EOZdZ74bwpbll10=
-13,-18,ZcGJMTM6F73Pm+EZTX7zxzNb2PY=,EJNCjvslWLVdKIqwWrhMzsTrDm0=
-12,-18,ZcGJMTM6F73Pm+EZTX7zxzNb2PY=,k75KD5Thq+xIVXTXYwx3G0UMCd8=
-8,-18,ZcGJMTM6F73Pm+EZTX7zxzNb2PY=,63fwekm5H9K2nJMF/R74KqDBEhY=
-10,-18,ZcGJMTM6F73Pm+EZTX7zxzNb2PY=,gDXim7ov11jf77Bm2eZvXayRApA=
-9,-18,ZcGJMTM6F73Pm+EZTX7zxzNb2PY=,gDXim7ov11jf77Bm2eZvXayRApA=
-11,-18,ZcGJMTM6F73Pm+EZTX7zxzNb2PY=,k75KD5Thq+xIVXTXYwx3G0UMCd8=
-10,-19,ZcGJMTM6F73Pm+EZTX7zxzNb2PY=,D7UEhloqYGoDhOtrqn33uistNyA=
-11,-19,ZcGJMTM6F73Pm+EZTX7zxzNb2PY=,UrsiT5hN8YSHH4ibN0Be3ggJFsk=
-9,-19,ZcGJMTM6F73Pm+EZTX7zxzNb2PY=,D7UEhloqYGoDhOtrqn33uistNyA=
-6,-19,ZcGJMTM6F73Pm+EZTX7zxzNb2PY=,5Q7NJ0QAyfIVsE+Oo4uPqf+Q3HA=
-7,-18,ZcGJMTM6F73Pm+EZTX7zxzNb2PY=,63fwekm5H9K2nJMF/R74KqDBEhY=
-6,-18,ZcGJMTM6F73Pm+EZTX7zxzNb2PY=,Ip8YAUh+Ab1ADMk/squf2ODC+qE=
-9,-17,ZcGJMTM6F73Pm+EZTX7zxzNb2PY=,gDXim7ov11jf77Bm2eZvXayRApA=
-7,-17,ZcGJMTM6F73Pm+EZTX7zxzNb2PY=,63fwekm5H9K2nJMF/R74KqDBEhY=
-8,-17,ZcGJMTM6F73Pm+EZTX7zxzNb2PY=,63fwekm5H9K2nJMF/R74KqDBEhY=
-6,-17,ZcGJMTM6F73Pm+EZTX7zxzNb2PY=,Ip8YAUh+Ab1ADMk/squf2ODC+qE=
-4,-18,ZcGJMTM6F73Pm+EZTX7zxzNb2PY=,6JU60sounpzwSUDiXOMXErfPOdY=
-5,-19,ZcGJMTM6F73Pm+EZTX7zxzNb2PY=,5Q7NJ0QAyfIVsE+Oo4uPqf+Q3HA=
-5,-18,ZcGJMTM6F73Pm+EZTX7zxzNb2PY=,Ip8YAUh+Ab1ADMk/squf2ODC+qE=
-3,-18,ZcGJMTM6F73Pm+EZTX7zxzNb2PY=,6JU60sounpzwSUDiXOMXErfPOdY=
-4,-17,ZcGJMTM6F73Pm+EZTX7zxzNb2PY=,6JU60sounpzwSUDiXOMXErfPOdY=
-5,-17,ZcGJMTM6F73Pm+EZTX7zxzNb2PY=,Ip8YAUh+Ab1ADMk/squf2ODC+qE=
-3,-17,ZcGJMTM6F73Pm+EZTX7zxzNb2PY=,6JU60sounpzwSUDiXOMXErfPOdY=
-12,-28,ZcGJMTM6F73Pm+EZTX7zxzNb2PY=,9sHjW5H4jgVMCPlr3l9hj93OrxM=
-13,-29,ZcGJMTM6F73Pm+EZTX7zxzNb2PY=,VNqeTtmx88messOe3MGSwsUQLRU=
-12,-29,ZcGJMTM6F73Pm+EZTX7zxzNb2PY=,PMGxy1tAO7k+yOksGBzqgZFnHhQ=
-13,-28,ZcGJMTM6F73Pm+EZTX7zxzNb2PY=,LfbfK+PoPXs3FVp4xeNAcpQkRxM=
-14,-28,ZcGJMTM6F73Pm+EZTX7zxzNb2PY=,LfbfK+PoPXs3FVp4xeNAcpQkRxM=
-14,-29,ZcGJMTM6F73Pm+EZTX7zxzNb2PY=,VNqeTtmx88messOe3MGSwsUQLRU=
-15,-28,ZcGJMTM6F73Pm+EZTX7zxzNb2PY=,+V+pFE3Ba0G60LJMDxrXQJ1jO4k=
-15,-29,ZcGJMTM6F73Pm+EZTX7zxzNb2PY=,uWgjS3sJGirXeFvyOewRQ1eUUFU=
-15,-27,ZcGJMTM6F73Pm+EZTX7zxzNb2PY=,+V+pFE3Ba0G60LJMDxrXQJ1jO4k=
-14,-26,ZcGJMTM6F73Pm+EZTX7zxzNb2PY=,KoXWzxQKJdfEmFWBMObzqJYGFRI=
-14,-27,ZcGJMTM6F73Pm+EZTX7zxzNb2PY=,LfbfK+PoPXs3FVp4xeNAcpQkRxM=
-14,-25,ZcGJMTM6F73Pm+EZTX7zxzNb2PY=,KoXWzxQKJdfEmFWBMObzqJYGFRI=
-15,-24,ZcGJMTM6F73Pm+EZTX7zxzNb2PY=,m73+Q8if5HVYPHt0l+VPTcIse9A=
-14,-24,ZcGJMTM6F73Pm+EZTX7zxzNb2PY=,YrwPPqJd3G4MWJ1AS2CHkdwVgYY=
-11,-22,ZcGJMTM6F73Pm+EZTX7zxzNb2PY=,m2VdA4pYvpIh1k2PeatC4VlHBBM=
-11,-23,ZcGJMTM6F73Pm+EZTX7zxzNb2PY=,70ADKFWE3U/eX8+8/yj+vSttXs4=
-10,-22,ZcGJMTM6F73Pm+EZTX7zxzNb2PY=,OclnVj53ou2Gh3COZVHnhstOeVk=
-16,-29,ZcGJMTM6F73Pm+EZTX7zxzNb2PY=,uWgjS3sJGirXeFvyOewRQ1eUUFU=
-16,-30,ZcGJMTM6F73Pm+EZTX7zxzNb2PY=,uWgjS3sJGirXeFvyOewRQ1eUUFU=
-16,-31,ZcGJMTM6F73Pm+EZTX7zxzNb2PY=,ne041ukQeOOsJavTyyckI9JZt1g=
-16,-28,ZcGJMTM6F73Pm+EZTX7zxzNb2PY=,+V+pFE3Ba0G60LJMDxrXQJ1jO4k=
-16,-21,ZcGJMTM6F73Pm+EZTX7zxzNb2PY=,c746aGwTf1ae8xA/WDyxcYlk56M=
-16,-20,ZcGJMTM6F73Pm+EZTX7zxzNb2PY=,0CUSwwMmfwq218IjxVii6c0uZfw=
-16,-27,ZcGJMTM6F73Pm+EZTX7zxzNb2PY=,+V+pFE3Ba0G60LJMDxrXQJ1jO4k=
-15,-30,ZcGJMTM6F73Pm+EZTX7zxzNb2PY=,uWgjS3sJGirXeFvyOewRQ1eUUFU=
-14,-30,ZcGJMTM6F73Pm+EZTX7zxzNb2PY=,VNqeTtmx88messOe3MGSwsUQLRU=
-15,-31,ZcGJMTM6F73Pm+EZTX7zxzNb2PY=,ne041ukQeOOsJavTyyckI9JZt1g=
-15,-19,ZcGJMTM6F73Pm+EZTX7zxzNb2PY=,0CUSwwMmfwq218IjxVii6c0uZfw=
-14,-18,ZcGJMTM6F73Pm+EZTX7zxzNb2PY=,EJNCjvslWLVdKIqwWrhMzsTrDm0=
-14,-19,ZcGJMTM6F73Pm+EZTX7zxzNb2PY=,sTZcjYrX+ni1EOZdZ74bwpbll10=
-15,-32,ZcGJMTM6F73Pm+EZTX7zxzNb2PY=,ne041ukQeOOsJavTyyckI9JZt1g=
-13,-27,ZcGJMTM6F73Pm+EZTX7zxzNb2PY=,LfbfK+PoPXs3FVp4xeNAcpQkRxM=
-11,-26,ZcGJMTM6F73Pm+EZTX7zxzNb2PY=,qWBVyU8IK9zLZ5APY3qx0r8Uho0=
-11,-27,ZcGJMTM6F73Pm+EZTX7zxzNb2PY=,9sHjW5H4jgVMCPlr3l9hj93OrxM=
-11,-24,ZcGJMTM6F73Pm+EZTX7zxzNb2PY=,70ADKFWE3U/eX8+8/yj+vSttXs4=
-11,-25,ZcGJMTM6F73Pm+EZTX7zxzNb2PY=,qWBVyU8IK9zLZ5APY3qx0r8Uho0=
-13,-24,ZcGJMTM6F73Pm+EZTX7zxzNb2PY=,YrwPPqJd3G4MWJ1AS2CHkdwVgYY=
-12,-27,ZcGJMTM6F73Pm+EZTX7zxzNb2PY=,9sHjW5H4jgVMCPlr3l9hj93OrxM=
-12,-25,ZcGJMTM6F73Pm+EZTX7zxzNb2PY=,qWBVyU8IK9zLZ5APY3qx0r8Uho0=
-12,-24,ZcGJMTM6F73Pm+EZTX7zxzNb2PY=,70ADKFWE3U/eX8+8/yj+vSttXs4=
-12,-26,ZcGJMTM6F73Pm+EZTX7zxzNb2PY=,qWBVyU8IK9zLZ5APY3qx0r8Uho0=
-13,-26,ZcGJMTM6F73Pm+EZTX7zxzNb2PY=,KoXWzxQKJdfEmFWBMObzqJYGFRI=
-13,-25,ZcGJMTM6F73Pm+EZTX7zxzNb2PY=,KoXWzxQKJdfEmFWBMObzqJYGFRI=
-16,-23,ZcGJMTM6F73Pm+EZTX7zxzNb2PY=,m73+Q8if5HVYPHt0l+VPTcIse9A=
-16,-24,ZcGJMTM6F73Pm+EZTX7zxzNb2PY=,m73+Q8if5HVYPHt0l+VPTcIse9A=
-16,-22,ZcGJMTM6F73Pm+EZTX7zxzNb2PY=,c746aGwTf1ae8xA/WDyxcYlk56M=
-16,-32,ZcGJMTM6F73Pm+EZTX7zxzNb2PY=,ne041ukQeOOsJavTyyckI9JZt1g=
-5,-20,ZcGJMTM6F73Pm+EZTX7zxzNb2PY=,5Q7NJ0QAyfIVsE+Oo4uPqf+Q3HA=
-14,-17,ZcGJMTM6F73Pm+EZTX7zxzNb2PY=,EJNCjvslWLVdKIqwWrhMzsTrDm0=
-13,-30,ZcGJMTM6F73Pm+EZTX7zxzNb2PY=,VNqeTtmx88messOe3MGSwsUQLRU=
-12,-30,ZcGJMTM6F73Pm+EZTX7zxzNb2PY=,PMGxy1tAO7k+yOksGBzqgZFnHhQ=
-11,-28,ZcGJMTM6F73Pm+EZTX7zxzNb2PY=,9sHjW5H4jgVMCPlr3l9hj93OrxM=
-11,-29,ZcGJMTM6F73Pm+EZTX7zxzNb2PY=,PMGxy1tAO7k+yOksGBzqgZFnHhQ=
-11,-30,ZcGJMTM6F73Pm+EZTX7zxzNb2PY=,PMGxy1tAO7k+yOksGBzqgZFnHhQ=
-6,-20,ZcGJMTM6F73Pm+EZTX7zxzNb2PY=,5Q7NJ0QAyfIVsE+Oo4uPqf+Q3HA=
-9,-20,ZcGJMTM6F73Pm+EZTX7zxzNb2PY=,D7UEhloqYGoDhOtrqn33uistNyA=
-9,-21,ZcGJMTM6F73Pm+EZTX7zxzNb2PY=,OclnVj53ou2Gh3COZVHnhstOeVk=
-9,-22,ZcGJMTM6F73Pm+EZTX7zxzNb2PY=,OclnVj53ou2Gh3COZVHnhstOeVk=
-12,-17,ZcGJMTM6F73Pm+EZTX7zxzNb2PY=,k75KD5Thq+xIVXTXYwx3G0UMCd8=
-13,-17,ZcGJMTM6F73Pm+EZTX7zxzNb2PY=,EJNCjvslWLVdKIqwWrhMzsTrDm0=
-11,-17,ZcGJMTM6F73Pm+EZTX7zxzNb2PY=,k75KD5Thq+xIVXTXYwx3G0UMCd8=
-10,-17,ZcGJMTM6F73Pm+EZTX7zxzNb2PY=,gDXim7ov11jf77Bm2eZvXayRApA=
-16,-19,ZcGJMTM6F73Pm+EZTX7zxzNb2PY=,0CUSwwMmfwq218IjxVii6c0uZfw=
-30,-20,7fQ0eakNBlOflstr2cFSbyUrXi8=,aJQwMeOZCmt/9mbG7L5KXosQk4Q=
-31,-21,7fQ0eakNBlOflstr2cFSbyUrXi8=,edHmpjn93bbaU9+6akfbvfRteMo=
-31,-20,7fQ0eakNBlOflstr2cFSbyUrXi8=,PCIK203VQHrtrrpBJy+rrl7gLLk=
-30,-21,7fQ0eakNBlOflstr2cFSbyUrXi8=,SssqgThtNZxRhSp9T/nRGe62eyI=
-28,-18,7fQ0eakNBlOflstr2cFSbyUrXi8=,tvt7G4eLKCmDctQfZPO3KMZhl0s=
-27,-19,7fQ0eakNBlOflstr2cFSbyUrXi8=,3x87Q52AG0sGBLg7MnZLvesBm2E=
-28,-19,7fQ0eakNBlOflstr2cFSbyUrXi8=,3x87Q52AG0sGBLg7MnZLvesBm2E=
-26,-19,7fQ0eakNBlOflstr2cFSbyUrXi8=,pN1N1EQ+KAlDpRfZrBHKwx7k8As=
-29,-19,7fQ0eakNBlOflstr2cFSbyUrXi8=,aJQwMeOZCmt/9mbG7L5KXosQk4Q=
-28,-20,7fQ0eakNBlOflstr2cFSbyUrXi8=,3x87Q52AG0sGBLg7MnZLvesBm2E=
-29,-21,7fQ0eakNBlOflstr2cFSbyUrXi8=,SssqgThtNZxRhSp9T/nRGe62eyI=
-26,-18,7fQ0eakNBlOflstr2cFSbyUrXi8=,qttIn071mMtFtjHRzesV4EGPfEM=
-27,-18,7fQ0eakNBlOflstr2cFSbyUrXi8=,tvt7G4eLKCmDctQfZPO3KMZhl0s=
-29,-20,7fQ0eakNBlOflstr2cFSbyUrXi8=,aJQwMeOZCmt/9mbG7L5KXosQk4Q=
-27,-17,7fQ0eakNBlOflstr2cFSbyUrXi8=,tvt7G4eLKCmDctQfZPO3KMZhl0s=
-26,-17,7fQ0eakNBlOflstr2cFSbyUrXi8=,qttIn071mMtFtjHRzesV4EGPfEM=
-25,-19,7fQ0eakNBlOflstr2cFSbyUrXi8=,pN1N1EQ+KAlDpRfZrBHKwx7k8As=
-24,-18,7fQ0eakNBlOflstr2cFSbyUrXi8=,ORkytbFslPT4tVYi3rKosF1QC+c=
-25,-18,7fQ0eakNBlOflstr2cFSbyUrXi8=,qttIn071mMtFtjHRzesV4EGPfEM=
-24,-17,7fQ0eakNBlOflstr2cFSbyUrXi8=,ORkytbFslPT4tVYi3rKosF1QC+c=
-25,-17,7fQ0eakNBlOflstr2cFSbyUrXi8=,qttIn071mMtFtjHRzesV4EGPfEM=
-24,-19,7fQ0eakNBlOflstr2cFSbyUrXi8=,8h7g506xDHhwtA62mMeC8pzj+4Q=
-30,-19,7fQ0eakNBlOflstr2cFSbyUrXi8=,aJQwMeOZCmt/9mbG7L5KXosQk4Q=
-31,-19,7fQ0eakNBlOflstr2cFSbyUrXi8=,PCIK203VQHrtrrpBJy+rrl7gLLk=
-18,-18,7fQ0eakNBlOflstr2cFSbyUrXi8=,51oeTHw2C/l46yFE1atTWmJroi8=
-19,-18,7fQ0eakNBlOflstr2cFSbyUrXi8=,gzmltJzTRF6o6CC0Ot1p8FgDF8M=
-23,-19,7fQ0eakNBlOflstr2cFSbyUrXi8=,8h7g506xDHhwtA62mMeC8pzj+4Q=
-21,-18,7fQ0eakNBlOflstr2cFSbyUrXi8=,KgUOUH1k/rhZ8fr8DdQTtXXV0yw=
-20,-18,7fQ0eakNBlOflstr2cFSbyUrXi8=,gzmltJzTRF6o6CC0Ot1p8FgDF8M=
-23,-17,7fQ0eakNBlOflstr2cFSbyUrXi8=,ORkytbFslPT4tVYi3rKosF1QC+c=
-22,-18,7fQ0eakNBlOflstr2cFSbyUrXi8=,KgUOUH1k/rhZ8fr8DdQTtXXV0yw=
-21,-17,7fQ0eakNBlOflstr2cFSbyUrXi8=,KgUOUH1k/rhZ8fr8DdQTtXXV0yw=
-23,-18,7fQ0eakNBlOflstr2cFSbyUrXi8=,ORkytbFslPT4tVYi3rKosF1QC+c=
-20,-17,7fQ0eakNBlOflstr2cFSbyUrXi8=,gzmltJzTRF6o6CC0Ot1p8FgDF8M=
-22,-17,7fQ0eakNBlOflstr2cFSbyUrXi8=,KgUOUH1k/rhZ8fr8DdQTtXXV0yw=
-19,-17,7fQ0eakNBlOflstr2cFSbyUrXi8=,gzmltJzTRF6o6CC0Ot1p8FgDF8M=
-18,-17,7fQ0eakNBlOflstr2cFSbyUrXi8=,51oeTHw2C/l46yFE1atTWmJroi8=
-17,-17,7fQ0eakNBlOflstr2cFSbyUrXi8=,51oeTHw2C/l46yFE1atTWmJroi8=
-18,-30,7fQ0eakNBlOflstr2cFSbyUrXi8=,FQnO5nUN/mawtJ3gRCJs26LG9KI=
-19,-28,7fQ0eakNBlOflstr2cFSbyUrXi8=,K3Benj3yLCTnshP1p2eCnVdpVOE=
-18,-31,7fQ0eakNBlOflstr2cFSbyUrXi8=,juCwJpAKAKgyh/6UxqESkhZ6hik=
-19,-31,7fQ0eakNBlOflstr2cFSbyUrXi8=,reY8k4WAadvvwuztqftANc1NlLU=
-18,-28,7fQ0eakNBlOflstr2cFSbyUrXi8=,Yf/JmZiiLqsTtKmRDFBD9ujKyZc=
-20,-28,7fQ0eakNBlOflstr2cFSbyUrXi8=,K3Benj3yLCTnshP1p2eCnVdpVOE=
-18,-29,7fQ0eakNBlOflstr2cFSbyUrXi8=,FQnO5nUN/mawtJ3gRCJs26LG9KI=
-19,-29,7fQ0eakNBlOflstr2cFSbyUrXi8=,eA1DpuVl4W6afb2WkG/CZnw7cgU=
-20,-29,7fQ0eakNBlOflstr2cFSbyUrXi8=,eA1DpuVl4W6afb2WkG/CZnw7cgU=
-19,-30,7fQ0eakNBlOflstr2cFSbyUrXi8=,eA1DpuVl4W6afb2WkG/CZnw7cgU=
-21,-29,7fQ0eakNBlOflstr2cFSbyUrXi8=,X8J6CN5/oKH6OlCKbYKCbIZ0eNo=
-21,-30,7fQ0eakNBlOflstr2cFSbyUrXi8=,X8J6CN5/oKH6OlCKbYKCbIZ0eNo=
-21,-31,7fQ0eakNBlOflstr2cFSbyUrXi8=,CJxlFnkpDeGxLim7b4AlAdoEBRo=
-20,-31,7fQ0eakNBlOflstr2cFSbyUrXi8=,reY8k4WAadvvwuztqftANc1NlLU=
-20,-30,7fQ0eakNBlOflstr2cFSbyUrXi8=,eA1DpuVl4W6afb2WkG/CZnw7cgU=
-22,-30,7fQ0eakNBlOflstr2cFSbyUrXi8=,X8J6CN5/oKH6OlCKbYKCbIZ0eNo=
-23,-31,7fQ0eakNBlOflstr2cFSbyUrXi8=,ap1NiUPVmDl2csscp58xB3FfGXk=
-22,-31,7fQ0eakNBlOflstr2cFSbyUrXi8=,CJxlFnkpDeGxLim7b4AlAdoEBRo=
-24,-31,7fQ0eakNBlOflstr2cFSbyUrXi8=,ap1NiUPVmDl2csscp58xB3FfGXk=
-25,-31,7fQ0eakNBlOflstr2cFSbyUrXi8=,UvttpxbgWl0OK83WDblvwaPN9JQ=
-27,-31,7fQ0eakNBlOflstr2cFSbyUrXi8=,xg2JQ3xy2ag41JOdz8qL5hxS8XA=
-26,-31,7fQ0eakNBlOflstr2cFSbyUrXi8=,UvttpxbgWl0OK83WDblvwaPN9JQ=
-28,-31,7fQ0eakNBlOflstr2cFSbyUrXi8=,xg2JQ3xy2ag41JOdz8qL5hxS8XA=
-31,-31,7fQ0eakNBlOflstr2cFSbyUrXi8=,4au/uT1JPia9wa4tjA8oHi0eii4=
-29,-31,7fQ0eakNBlOflstr2cFSbyUrXi8=,GP0c7jkwGfx3jcsED2ivUTbNpWE=
-30,-31,7fQ0eakNBlOflstr2cFSbyUrXi8=,GP0c7jkwGfx3jcsED2ivUTbNpWE=
-24,-32,7fQ0eakNBlOflstr2cFSbyUrXi8=,ap1NiUPVmDl2csscp58xB3FfGXk=
-25,-32,7fQ0eakNBlOflstr2cFSbyUrXi8=,UvttpxbgWl0OK83WDblvwaPN9JQ=
-32,-31,7fQ0eakNBlOflstr2cFSbyUrXi8=,4au/uT1JPia9wa4tjA8oHi0eii4=
-31,-32,7fQ0eakNBlOflstr2cFSbyUrXi8=,4au/uT1JPia9wa4tjA8oHi0eii4=
-30,-32,7fQ0eakNBlOflstr2cFSbyUrXi8=,GP0c7jkwGfx3jcsED2ivUTbNpWE=
-20,-26,7fQ0eakNBlOflstr2cFSbyUrXi8=,kKka8YqoxHNi8qMIrNAOWYGBD88=
-20,-27,7fQ0eakNBlOflstr2cFSbyUrXi8=,K3Benj3yLCTnshP1p2eCnVdpVOE=
-32,-32,7fQ0eakNBlOflstr2cFSbyUrXi8=,4au/uT1JPia9wa4tjA8oHi0eii4=
-26,-32,7fQ0eakNBlOflstr2cFSbyUrXi8=,UvttpxbgWl0OK83WDblvwaPN9JQ=
-29,-32,7fQ0eakNBlOflstr2cFSbyUrXi8=,GP0c7jkwGfx3jcsED2ivUTbNpWE=
-27,-32,7fQ0eakNBlOflstr2cFSbyUrXi8=,xg2JQ3xy2ag41JOdz8qL5hxS8XA=
-28,-32,7fQ0eakNBlOflstr2cFSbyUrXi8=,xg2JQ3xy2ag41JOdz8qL5hxS8XA=
-18,-21,7fQ0eakNBlOflstr2cFSbyUrXi8=,vABKNyLcf+mkQyqVOpVSb6PcYWg=
-17,-18,7fQ0eakNBlOflstr2cFSbyUrXi8=,51oeTHw2C/l46yFE1atTWmJroi8=
-32,-19,7fQ0eakNBlOflstr2cFSbyUrXi8=,PCIK203VQHrtrrpBJy+rrl7gLLk=
-26,-20,7fQ0eakNBlOflstr2cFSbyUrXi8=,pN1N1EQ+KAlDpRfZrBHKwx7k8As=
-27,-20,7fQ0eakNBlOflstr2cFSbyUrXi8=,3x87Q52AG0sGBLg7MnZLvesBm2E=
-25,-20,7fQ0eakNBlOflstr2cFSbyUrXi8=,pN1N1EQ+KAlDpRfZrBHKwx7k8As=
-24,-20,7fQ0eakNBlOflstr2cFSbyUrXi8=,8h7g506xDHhwtA62mMeC8pzj+4Q=
-17,-21,7fQ0eakNBlOflstr2cFSbyUrXi8=,vABKNyLcf+mkQyqVOpVSb6PcYWg=
-17,-31,7fQ0eakNBlOflstr2cFSbyUrXi8=,juCwJpAKAKgyh/6UxqESkhZ6hik=
-17,-30,7fQ0eakNBlOflstr2cFSbyUrXi8=,FQnO5nUN/mawtJ3gRCJs26LG9KI=
-17,-28,7fQ0eakNBlOflstr2cFSbyUrXi8=,Yf/JmZiiLqsTtKmRDFBD9ujKyZc=
-17,-29,7fQ0eakNBlOflstr2cFSbyUrXi8=,FQnO5nUN/mawtJ3gRCJs26LG9KI=
-20,-25,7fQ0eakNBlOflstr2cFSbyUrXi8=,kKka8YqoxHNi8qMIrNAOWYGBD88=
-17,-32,7fQ0eakNBlOflstr2cFSbyUrXi8=,juCwJpAKAKgyh/6UxqESkhZ6hik=
-19,-32,7fQ0eakNBlOflstr2cFSbyUrXi8=,reY8k4WAadvvwuztqftANc1NlLU=
-18,-32,7fQ0eakNBlOflstr2cFSbyUrXi8=,juCwJpAKAKgyh/6UxqESkhZ6hik=
-30,-22,7fQ0eakNBlOflstr2cFSbyUrXi8=,SssqgThtNZxRhSp9T/nRGe62eyI=
-31,-22,7fQ0eakNBlOflstr2cFSbyUrXi8=,edHmpjn93bbaU9+6akfbvfRteMo=
-32,-20,7fQ0eakNBlOflstr2cFSbyUrXi8=,PCIK203VQHrtrrpBJy+rrl7gLLk=
-32,-21,7fQ0eakNBlOflstr2cFSbyUrXi8=,edHmpjn93bbaU9+6akfbvfRteMo=
-32,-22,7fQ0eakNBlOflstr2cFSbyUrXi8=,edHmpjn93bbaU9+6akfbvfRteMo=
-17,-22,7fQ0eakNBlOflstr2cFSbyUrXi8=,vABKNyLcf+mkQyqVOpVSb6PcYWg=
-18,-22,7fQ0eakNBlOflstr2cFSbyUrXi8=,vABKNyLcf+mkQyqVOpVSb6PcYWg=
-18,-23,7fQ0eakNBlOflstr2cFSbyUrXi8=,0es1rmOig6zUWciZM+Olh2hAYRk=
-17,-23,7fQ0eakNBlOflstr2cFSbyUrXi8=,0es1rmOig6zUWciZM+Olh2hAYRk=
-28,-17,7fQ0eakNBlOflstr2cFSbyUrXi8=,tvt7G4eLKCmDctQfZPO3KMZhl0s=
-23,-20,7fQ0eakNBlOflstr2cFSbyUrXi8=,8h7g506xDHhwtA62mMeC8pzj+4Q=
-29,-22,7fQ0eakNBlOflstr2cFSbyUrXi8=,SssqgThtNZxRhSp9T/nRGe62eyI=
-22,-29,7fQ0eakNBlOflstr2cFSbyUrXi8=,X8J6CN5/oKH6OlCKbYKCbIZ0eNo=
-17,-24,7fQ0eakNBlOflstr2cFSbyUrXi8=,0es1rmOig6zUWciZM+Olh2hAYRk=
-17,-27,7fQ0eakNBlOflstr2cFSbyUrXi8=,Yf/JmZiiLqsTtKmRDFBD9ujKyZc=
-18,-27,7fQ0eakNBlOflstr2cFSbyUrXi8=,Yf/JmZiiLqsTtKmRDFBD9ujKyZc=
-19,-25,7fQ0eakNBlOflstr2cFSbyUrXi8=,kKka8YqoxHNi8qMIrNAOWYGBD88=
-17,-25,7fQ0eakNBlOflstr2cFSbyUrXi8=,zEM/pWLZBbNgxqV9xNFFj/OVxTc=
-18,-26,7fQ0eakNBlOflstr2cFSbyUrXi8=,zEM/pWLZBbNgxqV9xNFFj/OVxTc=
-18,-24,7fQ0eakNBlOflstr2cFSbyUrXi8=,0es1rmOig6zUWciZM+Olh2hAYRk=
-18,-25,7fQ0eakNBlOflstr2cFSbyUrXi8=,zEM/pWLZBbNgxqV9xNFFj/OVxTc=
-19,-26,7fQ0eakNBlOflstr2cFSbyUrXi8=,kKka8YqoxHNi8qMIrNAOWYGBD88=
-17,-26,7fQ0eakNBlOflstr2cFSbyUrXi8=,zEM/pWLZBbNgxqV9xNFFj/OVxTc=
-19,-27,7fQ0eakNBlOflstr2cFSbyUrXi8=,K3Benj3yLCTnshP1p2eCnVdpVOE=
-21,-32,7fQ0eakNBlOflstr2cFSbyUrXi8=,CJxlFnkpDeGxLim7b4AlAdoEBRo=
-20,-32,7fQ0eakNBlOflstr2cFSbyUrXi8=,reY8k4WAadvvwuztqftANc1NlLU=
-23,-32,7fQ0eakNBlOflstr2cFSbyUrXi8=,ap1NiUPVmDl2csscp58xB3FfGXk=
-22,-32,7fQ0eakNBlOflstr2cFSbyUrXi8=,CJxlFnkpDeGxLim7b4AlAdoEBRo=
-27,-2,7fQ0eakNBlOflstr2cFSbyUrXi8=,G+bIH9rcq/AqEafIr3ayixlQOC8=
-30,-1,7fQ0eakNBlOflstr2cFSbyUrXi8=,qVs6+8BtK1B4AGI9mZNIqsKpFqI=
-30,-2,7fQ0eakNBlOflstr2cFSbyUrXi8=,qVs6+8BtK1B4AGI9mZNIqsKpFqI=
-29,-2,7fQ0eakNBlOflstr2cFSbyUrXi8=,qVs6+8BtK1B4AGI9mZNIqsKpFqI=
-28,-1,7fQ0eakNBlOflstr2cFSbyUrXi8=,G+bIH9rcq/AqEafIr3ayixlQOC8=
-28,-2,7fQ0eakNBlOflstr2cFSbyUrXi8=,G+bIH9rcq/AqEafIr3ayixlQOC8=
-27,-1,7fQ0eakNBlOflstr2cFSbyUrXi8=,G+bIH9rcq/AqEafIr3ayixlQOC8=
-29,-1,7fQ0eakNBlOflstr2cFSbyUrXi8=,qVs6+8BtK1B4AGI9mZNIqsKpFqI=
-18,-2,7fQ0eakNBlOflstr2cFSbyUrXi8=,/ve3KAh6J1uyQ5QrR+0xK7V+YD8=
-19,-2,7fQ0eakNBlOflstr2cFSbyUrXi8=,QZb1lH/zVOGiN0DgH9j0A1wyFg0=
-20,-2,7fQ0eakNBlOflstr2cFSbyUrXi8=,QZb1lH/zVOGiN0DgH9j0A1wyFg0=
-18,-1,7fQ0eakNBlOflstr2cFSbyUrXi8=,/ve3KAh6J1uyQ5QrR+0xK7V+YD8=
-19,-1,7fQ0eakNBlOflstr2cFSbyUrXi8=,QZb1lH/zVOGiN0DgH9j0A1wyFg0=
-20,-1,7fQ0eakNBlOflstr2cFSbyUrXi8=,QZb1lH/zVOGiN0DgH9j0A1wyFg0=
-20,-16,e0nVLcA8gF7DHPDR/U8jNKb20jM=,sh9HGzOkdyCoiyFpmT1eF3N6mjY=
-17,-1,e0nVLcA8gF7DHPDR/U8jNKb20jM=,/ve3KAh6J1uyQ5QrR+0xK7V+YD8=
-20,-15,e0nVLcA8gF7DHPDR/U8jNKb20jM=,sh9HGzOkdyCoiyFpmT1eF3N6mjY=
-18,-9,e0nVLcA8gF7DHPDR/U8jNKb20jM=,O82PpgFd5o7MJ/6yobrBE+VkkPs=
-18,-10,e0nVLcA8gF7DHPDR/U8jNKb20jM=,O82PpgFd5o7MJ/6yobrBE+VkkPs=
-17,-2,e0nVLcA8gF7DHPDR/U8jNKb20jM=,/ve3KAh6J1uyQ5QrR+0xK7V+YD8=
-18,-16,e0nVLcA8gF7DHPDR/U8jNKb20jM=,diVrYPYSoIACYR6x4BDsPCshcTQ=
-17,-15,e0nVLcA8gF7DHPDR/U8jNKb20jM=,diVrYPYSoIACYR6x4BDsPCshcTQ=
-17,-16,e0nVLcA8gF7DHPDR/U8jNKb20jM=,diVrYPYSoIACYR6x4BDsPCshcTQ=
-18,-15,e0nVLcA8gF7DHPDR/U8jNKb20jM=,diVrYPYSoIACYR6x4BDsPCshcTQ=
-19,-15,e0nVLcA8gF7DHPDR/U8jNKb20jM=,sh9HGzOkdyCoiyFpmT1eF3N6mjY=
-19,-16,e0nVLcA8gF7DHPDR/U8jNKb20jM=,sh9HGzOkdyCoiyFpmT1eF3N6mjY=
-17,-9,e0nVLcA8gF7DHPDR/U8jNKb20jM=,O82PpgFd5o7MJ/6yobrBE+VkkPs=
-17,-10,e0nVLcA8gF7DHPDR/U8jNKb20jM=,O82PpgFd5o7MJ/6yobrBE+VkkPs=
